Category,name,Title,Introl,Createdate,Content,Url,pageurl,Category_url,page_url,Category_name
, Địa chính trị-tiền tệ không gian ảo và lựa chọn nào cho Việt Nam? ,,,,,,,,https://thegioihoinhap.vn/goc-nhin/ca-phe-sang/san-xuat-lua-huu-co-con-duong-ben-vung-cho-dbscl/,
, Còn dư địa để kìm giá xăng dầu ,,,,,,,,https://thegioihoinhap.vn/thoi-su/xa-hoi/da-den-luc-noi-long-toi-da-cac-bien-phap-phong-dich/,
, Hàng không Anh quá tải vì thiếu nhân lực ,,,,,,,,https://thegioihoinhap.vn/quoc-te/tin-tuc/thai-lan-bo-quy-dinh-hai-lan-xet-nghiem-pcr-bat-buoc/,
, Mỹ miễn thuế 24 tháng cho pin năng lượng mặt trời của Việt Nam ,,,,,,,,https://thegioihoinhap.vn/quoc-te/tin-tuc/an-do-giam-va-loai-bo-nhieu-loai-thue-truoc-da-tang-cua-lam-phat/,
," Ngân sách 5 tháng đầu năm bội thu, TP.HCM giữ vị trí đầu tàu ",,,,,,,,https://thegioihoinhap.vn/thoi-su/xa-hoi/so-hong-chung-cu-se-chi-co-gia-tri-tu-50-den-70-nam/,
, Mỹ miễn thuế 24 tháng cho pin năng lượng mặt trời của Việt Nam ,,,,,,,,https://thegioihoinhap.vn/quoc-te/thuong-mai/nga-giam-gia-35-usd-moi-thung-dau-tho-ban-cho-an-do/,
, Thủy điện Trung Quốc tích nước sớm ,,,,,,,,https://thegioihoinhap.vn/thoi-su/moi-truong/5-dap-thuy-dien-trung-quoc-xa-hon-900-trieu-m3-nuoc-he-sinh-thai-dbscl-dao-lon/,
, Đột phá hạ tầng giao thông ,,,,,,,,https://thegioihoinhap.vn/magazine/hoa-nguc-chien-tranh/,
," Tín dụng tăng, lãi suất tăng, khó kìm lạm phát ",,,,,,,,https://thegioihoinhap.vn/kinh-doanh/tai-chinh-bds/chinh-thuc-ho-tro-lai-suat-2-nam/,
," DN hàng không, vận tải kho bãi, du lịch… được vay hỗ trợ lãi suất 2%/năm ",,,,,,,,https://thegioihoinhap.vn/kinh-doanh/doanh-nghiep/ba-vu-dang-hai-yen-thay-ong-trinh-van-quyet-dieu-hanh-flc-va-bamboo-airways/,
, Giá trứng gia cầm lại nhấp nhổm tăng ,,,,,,,,https://thegioihoinhap.vn/magazine/nuoc-my-lam-vao-tinh-canh-khan-hiem-nghiem-trong-sua-bot-cho-tre-em/,
, [Photo] Khám phá Talaad Thai – chợ đầu mối lớn nhất Thái Lan ,,,,,,,,https://thegioihoinhap.vn/tiep-thi-4-0/chuyen-tiep-thi/sieu-thi-lon-nhat-thuy-si-chon-am-thuc-viet-nam-dai-dien-chau-a/,
, Giá trứng gia cầm lại nhấp nhổm tăng ,,,,,,,,https://thegioihoinhap.vn/tiep-thi-4-0/tiep-thi-so/bao-gia-theo-gia-xang/,
, Chọn trang sức đi biển cho mùa hè rực rỡ ,,,,,,,,https://thegioihoinhap.vn/kinh-doanh/thong-tin-doanh-nghiep/be-khoe-vui-choi-cung-nuoc-yen-sao-kidgrow/,
," Tín dụng tăng, lãi suất tăng, khó kìm lạm phát ",,,,,,,,https://thegioihoinhap.vn/kinh-doanh/tai-chinh-bds/gia-usd-tang-soc-len-24-000-dong-moi-usd/,
, Công ty Cổ phần Dinh dưỡng Khánh Hoà ,,,,,,,,https://thegioihoinhap.vn/tiep-thi-4-0/ung-vien-hvnclc/khoi-dong-chuong-trinh-ung-vien-hang-viet-nam-chat-luong-cao-2022/,
," Facebook, Google, Microsoft đã nộp hơn 5.111 tỷ tiền thuế cho Việt Nam ",,,,,,,,https://thegioihoinhap.vn/cong-nghe/startup-tiep-tuc-hut-von-dau-tu/,
, Lỗi ‘chuyện ấy’ sau mắc Covid-19? ,,,,,,,,https://thegioihoinhap.vn/loi-song/suc-khoe-y-te/who-keu-goi-hop-khan-vi-benh-dau-mua-khi-bung-phat/,
, Người Thái cũng thích ăn gạo Việt ,,,,,,,,https://thegioihoinhap.vn/nong-nghiep-4-0/binh-thuan-lang-nghe-nuoc-mam-truyen-thong-nguy-co-treo-leu/,
, 19 nhà máy chế biến cá tra được FSIS công nhận xuất khẩu vào Mỹ ,,,,,,,,https://thegioihoinhap.vn/nong-nghiep-4-0/tieu-chuan-va-hoi-nhap/nhung-trai-ngot-dau-tien-tu-hiep-dinh-evfta/,
, Lỗi ‘chuyện ấy’ sau mắc Covid-19? ,,,,,,,,https://thegioihoinhap.vn/loi-song/suc-khoe-y-te/genestory-cung-cap-dich-vu-giai-ma-gen-cho-nguoi-viet/,
, Thời cơ để DN xuất khẩu Việt Nam thâm nhập thị trường Malaysia ,,,,,,,,https://thegioihoinhap.vn/nong-nghiep-4-0/xuat-nhap-khau/thai-lan-muon-cung-viet-nam-mo-lan-xanh-dua-trai-cay-vao-trung-quoc/,
, Hình hài siêu trung tâm nông sản Tây Đô ,,,,,,,,https://thegioihoinhap.vn/nong-nghiep-4-0/mekong-connect/mekong-connect-2021-mo-rong-lien-ket-vung-tp-hcm-dbscl-trong-binh-thuong-moi/,
, TS Bùi Trân Phượng: Làm người bây giờ khó hơn xưa nhiều ,,,,,,,,https://thegioihoinhap.vn/loi-song/van-hoa-giao-duc/gap-lai-kant-va-heidegger-o-nam-2022/,
, Hè thăm ‘xứ dưới đáy địa cầu’ ,,,,,,,,https://thegioihoinhap.vn/loi-song/am-thuc-du-lich/luong-du-khach-va-gia-tour-tang-manh-dip-le-30-4-1-5/,
, Đừng xem thường gia vị trong bữa ăn hàng ngày ,,,,,,,,https://thegioihoinhap.vn/loi-song/an-toan-thuc-pham/vu-the-thanh-goi-ca-co-dang-so/,
, Nồng nã tương ớt Mường Khương ,,,,,,,,https://thegioihoinhap.vn/loi-song/van-hoa-giao-duc/nguyen-vinh-nguyen-sach-giu-lai-con-nguoi-trong-con-nguoi/,
, [Coming soon] Phiên chợ Organic Town – Trung tâm thực phẩm hữu cơ ,,,,,,,,https://thegioihoinhap.vn/nong-nghiep-4-0/video-vua-banh-mi-kao-sieu-luc-tiet-lo-bi-quyet-san-xuat-banh-mi-thanh-long/,
, Lỗi ‘chuyện ấy’ sau mắc Covid-19? ,,,,,,,,https://thegioihoinhap.vn/magazine/kinh-te-trung-quoc-lao-doc-vi-ke-giet-nguoi-kep/,
Category,name,Title,Introl,Createdate,Content,Url,pageurl,Category_url,page_url,Category_name
, Địa chính trị-tiền tệ không gian ảo và lựa chọn nào cho Việt Nam? ,,,,,,,,https://thegioihoinhap.vn/goc-nhin/dia-chinh-tri-tien-te-khong-gian-ao-va-lua-chon-nao-cho-viet-nam/,
, Địa chính trị-tiền tệ không gian ảo và lựa chọn nào cho Việt Nam? ,,,,,,,,https://thegioihoinhap.vn/goc-nhin/ca-phe-sang/dot-pha-ha-tang-giao-thong/,
, Địa chính trị-tiền tệ không gian ảo và lựa chọn nào cho Việt Nam? ,,,,,,,,https://thegioihoinhap.vn/goc-nhin/ca-phe-sang/sach-giao-khoa-chuyen-dai-au-lo/,
, Địa chính trị-tiền tệ không gian ảo và lựa chọn nào cho Việt Nam? ,,,,,,,,https://thegioihoinhap.vn/goc-nhin/ca-phe-sang/cho-opec/,
, Địa chính trị-tiền tệ không gian ảo và lựa chọn nào cho Việt Nam? ,,,,,,,,https://thegioihoinhap.vn/goc-nhin/4-yeu-to-bien-dong-va-dinh-hinh-lai-he-thong-tai-chinh-toan-cau/,
, Địa chính trị-tiền tệ không gian ảo và lựa chọn nào cho Việt Nam? ,,,,,,,,https://thegioihoinhap.vn/goc-nhin/gs-dang-hung-vo-tra-lai-cho-dat-gia-thuc-thi-truong/,
, Còn dư địa để kìm giá xăng dầu ,,,,,,,,https://thegioihoinhap.vn/thoi-su/xa-hoi/con-du-dia-de-kim-gia-xang-dau/,
, Còn dư địa để kìm giá xăng dầu ,,,,,,,,https://thegioihoinhap.vn/thoi-su/xa-hoi/bo-truong-cong-thuong-khong-the-ep-gia-xang-qua-thap/,
, Còn dư địa để kìm giá xăng dầu ,,,,,,,,https://thegioihoinhap.vn/thoi-su/xa-hoi/cap-ho-chieu-pho-thong-qua-cong-dich-vu-cong-quoc-gia/,
, Địa chính trị-tiền tệ không gian ảo và lựa chọn nào cho Việt Nam? ,,,,,,,,https://thegioihoinhap.vn/goc-nhin/ca-phe-sang/ghi-nhanh-o-thaifex-2022-va-do-la-cach-ma-nguoi-thai-noi-chuyen-lam-an/,
, Địa chính trị-tiền tệ không gian ảo và lựa chọn nào cho Việt Nam? ,,,,,,,,https://thegioihoinhap.vn/goc-nhin/ca-phe-sang/tam-ly-om-von-ve-cho-chac/,
, Địa chính trị-tiền tệ không gian ảo và lựa chọn nào cho Việt Nam? ,,,,,,,,https://thegioihoinhap.vn/goc-nhin/ca-phe-sang/siet-trai-phieu-doanh-nghiep-chat-che-nhung-khong-duoc-gay-do-vo/,
, Địa chính trị-tiền tệ không gian ảo và lựa chọn nào cho Việt Nam? ,,,,,,,,https://thegioihoinhap.vn/goc-nhin/ca-phe-sang/nganh-dien-phu-thuoc-vao-than-nhap-khau/,
, Địa chính trị-tiền tệ không gian ảo và lựa chọn nào cho Việt Nam? ,,,,,,,,https://thegioihoinhap.vn/goc-nhin/ca-phe-sang/pgs-nguyen-minh-hoa-suy-ngam-tu-con-song-kinh-tien-chao-phraya-cua-thai-lan/,
, Còn dư địa để kìm giá xăng dầu ,,,,,,,,https://thegioihoinhap.vn/thoi-su/xa-hoi/khong-xa-quy-gia-xang-co-the-tang-hon-2-000-dong-lit/,
, Còn dư địa để kìm giá xăng dầu ,,,,,,,,https://thegioihoinhap.vn/thoi-su/xa-hoi/gia-xang-dau-day-lam-phat-tang-cao/,
, Còn dư địa để kìm giá xăng dầu ,,,,,,,,https://thegioihoinhap.vn/thoi-su/xa-hoi/giam-sat-chat-nguoi-ve-tu-12-quoc-gia-ngan-ngua-benh-dau-mua-khi/,
, Còn dư địa để kìm giá xăng dầu ,,,,,,,,https://thegioihoinhap.vn/thoi-su/xa-hoi/horea-phan-doi-de-xuat-so-huu-nha-chung-cu-co-thoi-han/,
, Còn dư địa để kìm giá xăng dầu ,,,,,,,,https://thegioihoinhap.vn/thoi-su/xa-hoi/oxfam-keu-goi-danh-thue-cac-ty-phu-de-ho-tro-nguoi-ngheo/,
, Thủy điện Trung Quốc tích nước sớm ,,,,,,,,https://thegioihoinhap.vn/thoi-su/moi-truong/thuy-dien-trung-quoc-tich-nuoc-som/,
, Thủy điện Trung Quốc tích nước sớm ,,,,,,,,https://thegioihoinhap.vn/thoi-su/moi-truong/who-keu-goi-cac-nuoc-xem-dau-loc-thuoc-la-nhu-nhua-su-dung-mot-lan/,
, Thủy điện Trung Quốc tích nước sớm ,,,,,,,,https://thegioihoinhap.vn/thoi-su/moi-truong/chuoi-sieu-thi-lon-nhat-australia-thu-nghiem-su-dung-100-nang-luong-xanh/,
, Thủy điện Trung Quốc tích nước sớm ,,,,,,,,https://thegioihoinhap.vn/thoi-su/moi-truong/g7-se-giup-viet-nam-giam-phu-thuoc-vao-nhiet-dien-chay-than/,
, Địa chính trị-tiền tệ không gian ảo và lựa chọn nào cho Việt Nam? ,,,,,,,,https://thegioihoinhap.vn/goc-nhin/ca-phe-sang/thai-do-trich-thuong-voi-co-dong/,
, Địa chính trị-tiền tệ không gian ảo và lựa chọn nào cho Việt Nam? ,,,,,,,,https://thegioihoinhap.vn/kinh-doanh/tai-chinh-bds/co-nen-giai-cuu-thi-truong-chung-khoan/,
, Địa chính trị-tiền tệ không gian ảo và lựa chọn nào cho Việt Nam? ,,,,,,,,https://thegioihoinhap.vn/goc-nhin/ca-phe-sang/chung-ta-co-dang-ngai-thay-doi/,
, Địa chính trị-tiền tệ không gian ảo và lựa chọn nào cho Việt Nam? ,,,,,,,,https://thegioihoinhap.vn/magazine/tai-sao-tien-lai-tham-va-luoi/,
, Địa chính trị-tiền tệ không gian ảo và lựa chọn nào cho Việt Nam? ,,,,,,,,https://thegioihoinhap.vn/magazine/de-dat-mai-la-mai-am/,
, Mỹ miễn thuế 24 tháng cho pin năng lượng mặt trời của Việt Nam ,,,,,,,,https://thegioihoinhap.vn/quoc-te/thuong-mai/my-mien-thue-24-thang-cho-pin-nang-luong-mat-troi-cua-viet-nam/,
, Mỹ miễn thuế 24 tháng cho pin năng lượng mặt trời của Việt Nam ,,,,,,,,https://thegioihoinhap.vn/quoc-te/thuong-mai/my-can-nhac-do-bo-mot-so-thue-quan-doi-voi-hang-hoa-trung-quoc/,
, Mỹ miễn thuế 24 tháng cho pin năng lượng mặt trời của Việt Nam ,,,,,,,,https://thegioihoinhap.vn/quoc-te/thuong-mai/sang-kien-vanh-dai-con-duong-gap-kho-o-dong-nam-a/,
, Còn dư địa để kìm giá xăng dầu ,,,,,,,,https://thegioihoinhap.vn/thoi-su/xa-hoi/gia-xang-tang-len-muc-30-650-dong-lit/,
, Còn dư địa để kìm giá xăng dầu ,,,,,,,,https://thegioihoinhap.vn/thoi-su/xa-hoi/kho-goi-taxi-xe-cong-nghe/,
, Còn dư địa để kìm giá xăng dầu ,,,,,,,,https://thegioihoinhap.vn/thoi-su/xa-hoi/nganh-du-lich-khat-nhan-luc-hau-covid-19/,
, Còn dư địa để kìm giá xăng dầu ,,,,,,,,https://thegioihoinhap.vn/thoi-su/xa-hoi/gia-xang-co-the-tang-len-muc-31-000-dong-lit/,
, Còn dư địa để kìm giá xăng dầu ,,,,,,,,https://thegioihoinhap.vn/thoi-su/xa-hoi/tp-hcm-se-khong-tang-hoc-phi-tu-dau-nam-hoc-2022-2023/,
, Còn dư địa để kìm giá xăng dầu ,,,,,,,,https://thegioihoinhap.vn/thoi-su/xa-hoi/so-hong-chung-cu-se-chi-co-gia-tri-tu-50-den-70-nam/,
, Thủy điện Trung Quốc tích nước sớm ,,,,,,,,https://thegioihoinhap.vn/thoi-su/moi-truong/nhiet-do-trai-dat-co-the-tang-them-15-do-c-trong-5-nam-toi/,
, Thủy điện Trung Quốc tích nước sớm ,,,,,,,,https://thegioihoinhap.vn/magazine/can-tho-dau-nhan-trong-hop-tac-my-viet-25-nam-toi/,
, Thủy điện Trung Quốc tích nước sớm ,,,,,,,,https://thegioihoinhap.vn/magazine/lam-sach-song-ngoi/,
, Thủy điện Trung Quốc tích nước sớm ,,,,,,,,https://thegioihoinhap.vn/thoi-su/moi-truong/eu-xuc-tien-lenh-cam-luu-hanh-hoa-chat-doc-hai/,
, Thủy điện Trung Quốc tích nước sớm ,,,,,,,,https://thegioihoinhap.vn/thoi-su/moi-truong/nuoc-song-mekong-dot-ngot-dang-cao-2-met/,
, Thủy điện Trung Quốc tích nước sớm ,,,,,,,,https://thegioihoinhap.vn/thoi-su/moi-truong/trung-quoc-cham-dut-nhieu-du-an-dien-nhiet-than-o-nuoc-ngoai/,
, Đột phá hạ tầng giao thông ,,,,,,,,https://thegioihoinhap.vn/goc-nhin/ca-phe-sang/dot-pha-ha-tang-giao-thong/,
, Đột phá hạ tầng giao thông ,,,,,,,,https://thegioihoinhap.vn/goc-nhin/ca-phe-sang/sach-giao-khoa-chuyen-dai-au-lo/,
, Đột phá hạ tầng giao thông ,,,,,,,,https://thegioihoinhap.vn/goc-nhin/ca-phe-sang/cho-opec/,
, Địa chính trị-tiền tệ không gian ảo và lựa chọn nào cho Việt Nam? ,,,,,,,,https://thegioihoinhap.vn/goc-nhin/bi-quyet-cua-van-anh/,
, Địa chính trị-tiền tệ không gian ảo và lựa chọn nào cho Việt Nam? ,,,,,,,,https://thegioihoinhap.vn/goc-nhin/ca-phe-sang/lam-gi-de-khong-lap-lai-thap-ky-mat-mat-doi-voi-kinh-te-viet-nam/,
, Địa chính trị-tiền tệ không gian ảo và lựa chọn nào cho Việt Nam? ,,,,,,,,https://thegioihoinhap.vn/goc-nhin/ha-canh-mem-thi-truong-trai-phieu-doanh-nghiep/,
, Địa chính trị-tiền tệ không gian ảo và lựa chọn nào cho Việt Nam? ,,,,,,,,https://thegioihoinhap.vn/goc-nhin/ca-phe-sang/san-xuat-lua-huu-co-con-duong-ben-vung-cho-dbscl/,
, Mỹ miễn thuế 24 tháng cho pin năng lượng mặt trời của Việt Nam ,,,,,,,,https://thegioihoinhap.vn/quoc-te/thuong-mai/gia-hang-nhap-khau-tang-manh/,
, Mỹ miễn thuế 24 tháng cho pin năng lượng mặt trời của Việt Nam ,,,,,,,,https://thegioihoinhap.vn/quoc-te/thuong-mai/my-dieu-tra-phong-ve-thuong-mai-voi-tu-go-nhap-khau-tu-viet-nam/,
, Mỹ miễn thuế 24 tháng cho pin năng lượng mặt trời của Việt Nam ,,,,,,,,https://thegioihoinhap.vn/quoc-te/thuong-mai/my-khoi-dong-sang-kien-kinh-te-moi-o-chau-a-thai-binh-duong/,
, Mỹ miễn thuế 24 tháng cho pin năng lượng mặt trời của Việt Nam ,,,,,,,,https://thegioihoinhap.vn/quoc-te/thuong-mai/dung-ap-thue-chong-ban-pha-gia-voi-thep-ma-tu-han-quoc-trung-quoc/,
, Mỹ miễn thuế 24 tháng cho pin năng lượng mặt trời của Việt Nam ,,,,,,,,https://thegioihoinhap.vn/quoc-te/thuong-mai/trung-quoc-keu-goi-my-go-bo-thue-quan-trung-phat/,
, Mỹ miễn thuế 24 tháng cho pin năng lượng mặt trời của Việt Nam ,,,,,,,,https://thegioihoinhap.vn/quoc-te/thuong-mai/my-mien-thue-24-thang-cho-pin-nang-luong-mat-troi-cua-viet-nam/,
, Mỹ miễn thuế 24 tháng cho pin năng lượng mặt trời của Việt Nam ,,,,,,,,https://thegioihoinhap.vn/quoc-te/bay-no-chau-phi-trung-quoc-khong-phai-chu-no-duy-nhat-nhung-lon-nhat/,
, Mỹ miễn thuế 24 tháng cho pin năng lượng mặt trời của Việt Nam ,,,,,,,,https://thegioihoinhap.vn/quoc-te/thuong-mai/my-can-nhac-do-bo-mot-so-thue-quan-doi-voi-hang-hoa-trung-quoc/,
, Mỹ miễn thuế 24 tháng cho pin năng lượng mặt trời của Việt Nam ,,,,,,,,https://thegioihoinhap.vn/quoc-te/thuong-mai/sang-kien-vanh-dai-con-duong-gap-kho-o-dong-nam-a/,
, Còn dư địa để kìm giá xăng dầu ,,,,,,,,https://thegioihoinhap.vn/thoi-su/xa-hoi/gia-xang-trong-nuoc-se-cham-moc-30-000-dong-lit/,
, Còn dư địa để kìm giá xăng dầu ,,,,,,,,https://thegioihoinhap.vn/thoi-su/xa-hoi/viet-nam-dung-viec-ap-dung-khai-bao-y-te-covid-19-noi-dia/,
, Còn dư địa để kìm giá xăng dầu ,,,,,,,,https://thegioihoinhap.vn/thoi-su/xa-hoi/tp-hcm-muon-bo-khai-bao-y-te-voi-nguoi-nhap-canh-tai-san-bay-tan-son-nhat/,
, Còn dư địa để kìm giá xăng dầu ,,,,,,,,https://thegioihoinhap.vn/thoi-su/xa-hoi/ilo-khuyen-cao-viet-nam-tiep-tuc-xay-dung-luoi-an-sinh-nhieu-chieu/,
, Còn dư địa để kìm giá xăng dầu ,,,,,,,,https://thegioihoinhap.vn/thoi-su/xa-hoi/tranh-cai-ve-tang-luong-toi-thieu-vung/,
," Ngân sách 5 tháng đầu năm bội thu, TP.HCM giữ vị trí đầu tàu ",,,,,,,,https://thegioihoinhap.vn/thoi-su/ngan-sach-5-thang-dau-nam-boi-thu-tp-hcm-giu-vi-tri-dau-tau/,
," Ngân sách 5 tháng đầu năm bội thu, TP.HCM giữ vị trí đầu tàu ",,,,,,,,https://thegioihoinhap.vn/thoi-su/xa-hoi/con-du-dia-de-kim-gia-xang-dau/,
, Thủy điện Trung Quốc tích nước sớm ,,,,,,,,https://thegioihoinhap.vn/thoi-su/moi-truong/cac-dap-thuy-dien-cua-trung-quoc-lai-tang-xa-nuoc/,
, Thủy điện Trung Quốc tích nước sớm ,,,,,,,,https://thegioihoinhap.vn/thoi-su/moi-truong/loay-hoay-tim-cho-chua-tro-xi-than-nhiet-dien/,
, Thủy điện Trung Quốc tích nước sớm ,,,,,,,,https://thegioihoinhap.vn/thoi-su/moi-truong/luong-nuoc-song-mekong-vuot-66-dong-chay-tu-nhien/,
, Thủy điện Trung Quốc tích nước sớm ,,,,,,,,https://thegioihoinhap.vn/thoi-su/moi-truong/80-tro-xi-tu-nha-may-nhiet-dien-duoc-tai-su-dung/,
, Thủy điện Trung Quốc tích nước sớm ,,,,,,,,https://thegioihoinhap.vn/thoi-su/moi-truong/khong-khi-tren-toan-cau-o-nhiem-ngay-cang-tram-trong/,
, Thủy điện Trung Quốc tích nước sớm ,,,,,,,,https://thegioihoinhap.vn/thoi-su/moi-truong/canh-bao-do-ve-muc-nuoc-song-mekong/,
, Đột phá hạ tầng giao thông ,,,,,,,,https://thegioihoinhap.vn/goc-nhin/ca-phe-sang/ghi-nhanh-o-thaifex-2022-va-do-la-cach-ma-nguoi-thai-noi-chuyen-lam-an/,
, Đột phá hạ tầng giao thông ,,,,,,,,https://thegioihoinhap.vn/goc-nhin/ca-phe-sang/tam-ly-om-von-ve-cho-chac/,
, Đột phá hạ tầng giao thông ,,,,,,,,https://thegioihoinhap.vn/goc-nhin/ca-phe-sang/siet-trai-phieu-doanh-nghiep-chat-che-nhung-khong-duoc-gay-do-vo/,
, Đột phá hạ tầng giao thông ,,,,,,,,https://thegioihoinhap.vn/goc-nhin/ca-phe-sang/nganh-dien-phu-thuoc-vao-than-nhap-khau/,
, Đột phá hạ tầng giao thông ,,,,,,,,https://thegioihoinhap.vn/goc-nhin/ca-phe-sang/pgs-nguyen-minh-hoa-suy-ngam-tu-con-song-kinh-tien-chao-phraya-cua-thai-lan/,
," Tín dụng tăng, lãi suất tăng, khó kìm lạm phát ",,,,,,,,https://thegioihoinhap.vn/kinh-doanh/tai-chinh-bds/tin-dung-tang-lai-suat-tang-kho-kim-lam-phat/,
," Tín dụng tăng, lãi suất tăng, khó kìm lạm phát ",,,,,,,,https://thegioihoinhap.vn/kinh-doanh/tai-chinh-bds/no-xau-bat-dong-san-o-muc-37-000-ty-dong/,
," Tín dụng tăng, lãi suất tăng, khó kìm lạm phát ",,,,,,,,https://thegioihoinhap.vn/kinh-doanh/tai-chinh-bds/siet-tin-dung-bat-dong-san-qua-da-bai-hoc-tu-trung-quoc/,
, Hàng không Anh quá tải vì thiếu nhân lực ,,,,,,,,https://thegioihoinhap.vn/quoc-te/tin-tuc/hang-khong-anh-qua-tai-vi-thieu-nhan-luc/,
, Hàng không Anh quá tải vì thiếu nhân lực ,,,,,,,,https://thegioihoinhap.vn/quoc-te/tin-tuc/singapore-canh-bao-nguy-co-bung-phat-dot-dich-covid-19-moi/,
, Hàng không Anh quá tải vì thiếu nhân lực ,,,,,,,,https://thegioihoinhap.vn/quoc-te/tin-tuc/nuoc-nga-quay-ve-cac-san-pham-thoi-lien-xo/,
, Mỹ miễn thuế 24 tháng cho pin năng lượng mặt trời của Việt Nam ,,,,,,,,https://thegioihoinhap.vn/quoc-te/thuong-mai/an-do-tang-nhap-khau-hang-hoa-cua-nga/,
, Mỹ miễn thuế 24 tháng cho pin năng lượng mặt trời của Việt Nam ,,,,,,,,https://thegioihoinhap.vn/quoc-te/thuong-mai/ong-joe-biden-xem-xet-do-bo-thue-nhap-khau-doi-voi-trung-quoc/,
, Mỹ miễn thuế 24 tháng cho pin năng lượng mặt trời của Việt Nam ,,,,,,,,https://thegioihoinhap.vn/quoc-te/thuong-mai/tu-go-viet-nam-bi-my-dieu-tra-chong-lan-tranh-thue-ban-pha-gia/,
, Mỹ miễn thuế 24 tháng cho pin năng lượng mặt trời của Việt Nam ,,,,,,,,https://thegioihoinhap.vn/quoc-te/thuong-mai/viet-nam-co-the-la-nuoc-huong-loi-nhieu-nhat-tu-rcep/,
, Mỹ miễn thuế 24 tháng cho pin năng lượng mặt trời của Việt Nam ,,,,,,,,https://thegioihoinhap.vn/quoc-te/thuong-mai/bo-cong-thuong-ra-khuyen-cao-ve-viec-indonesia-cam-xuat-khau-dau-co-tho/,
, Mỹ miễn thuế 24 tháng cho pin năng lượng mặt trời của Việt Nam ,,,,,,,,https://thegioihoinhap.vn/quoc-te/thuong-mai/philippines-ket-luan-dieu-tra-ap-dung-bien-phap-tu-ve-voi-nhua-mat-do-thap/,
, Mỹ miễn thuế 24 tháng cho pin năng lượng mặt trời của Việt Nam ,,,,,,,,https://thegioihoinhap.vn/quoc-te/tin-tuc/hang-khong-anh-qua-tai-vi-thieu-nhan-luc/,
, Mỹ miễn thuế 24 tháng cho pin năng lượng mặt trời của Việt Nam ,,,,,,,,https://thegioihoinhap.vn/quoc-te/tin-tuc/singapore-canh-bao-nguy-co-bung-phat-dot-dich-covid-19-moi/,
, Mỹ miễn thuế 24 tháng cho pin năng lượng mặt trời của Việt Nam ,,,,,,,,https://thegioihoinhap.vn/quoc-te/thuong-mai/gia-hang-nhap-khau-tang-manh/,
, Mỹ miễn thuế 24 tháng cho pin năng lượng mặt trời của Việt Nam ,,,,,,,,https://thegioihoinhap.vn/quoc-te/thuong-mai/my-dieu-tra-phong-ve-thuong-mai-voi-tu-go-nhap-khau-tu-viet-nam/,
, Mỹ miễn thuế 24 tháng cho pin năng lượng mặt trời của Việt Nam ,,,,,,,,https://thegioihoinhap.vn/quoc-te/sri-lanka-xoay-tro-doi-pho-khung-hoang-kinh-te/,
, Còn dư địa để kìm giá xăng dầu ,,,,,,,,https://thegioihoinhap.vn/thoi-su/xa-hoi/da-den-luc-noi-long-toi-da-cac-bien-phap-phong-dich/,
," Ngân sách 5 tháng đầu năm bội thu, TP.HCM giữ vị trí đầu tàu ",,,,,,,,https://thegioihoinhap.vn/thoi-su/moi-truong/thuy-dien-trung-quoc-tich-nuoc-som/,
," Ngân sách 5 tháng đầu năm bội thu, TP.HCM giữ vị trí đầu tàu ",,,,,,,,https://thegioihoinhap.vn/thoi-su/xa-hoi/bo-truong-cong-thuong-khong-the-ep-gia-xang-qua-thap/,
," Ngân sách 5 tháng đầu năm bội thu, TP.HCM giữ vị trí đầu tàu ",,,,,,,,https://thegioihoinhap.vn/thoi-su/xa-hoi/cap-ho-chieu-pho-thong-qua-cong-dich-vu-cong-quoc-gia/,
," Ngân sách 5 tháng đầu năm bội thu, TP.HCM giữ vị trí đầu tàu ",,,,,,,,https://thegioihoinhap.vn/thoi-su/xa-hoi/khong-xa-quy-gia-xang-co-the-tang-hon-2-000-dong-lit/,
," Ngân sách 5 tháng đầu năm bội thu, TP.HCM giữ vị trí đầu tàu ",,,,,,,,https://thegioihoinhap.vn/thoi-su/bo-cong-thuong-gia-xang-viet-nam-chi-bang-muc-binh-quan-the-gioi/,
, Thủy điện Trung Quốc tích nước sớm ,,,,,,,,https://thegioihoinhap.vn/thoi-su/moi-truong/nuoc-song-mekong-cao-bat-thuong-he-luy-kho-luong-cho-dbscl/,
, Thủy điện Trung Quốc tích nước sớm ,,,,,,,,https://thegioihoinhap.vn/thoi-su/moi-truong/trung-quoc-xa-hang-ty-m3-nuoc-muc-nuoc-song-mekong-cao-bat-thuong/,
, Thủy điện Trung Quốc tích nước sớm ,,,,,,,,https://thegioihoinhap.vn/thoi-su/moi-truong/bao-dong-tinh-trang-khai-thac-cat-o-dbscl/,
, Thủy điện Trung Quốc tích nước sớm ,,,,,,,,https://thegioihoinhap.vn/thoi-su/moi-truong/5-dap-thuy-dien-trung-quoc-xa-hon-900-trieu-m3-nuoc-he-sinh-thai-dbscl-dao-lon/,
, Đột phá hạ tầng giao thông ,,,,,,,,https://thegioihoinhap.vn/goc-nhin/ca-phe-sang/thai-do-trich-thuong-voi-co-dong/,
, Đột phá hạ tầng giao thông ,,,,,,,,https://thegioihoinhap.vn/goc-nhin/ca-phe-sang/chung-ta-co-dang-ngai-thay-doi/,
, Đột phá hạ tầng giao thông ,,,,,,,,https://thegioihoinhap.vn/magazine/tai-sao-tien-lai-tham-va-luoi/,
, Đột phá hạ tầng giao thông ,,,,,,,,https://thegioihoinhap.vn/magazine/de-dat-mai-la-mai-am/,
," Tín dụng tăng, lãi suất tăng, khó kìm lạm phát ",,,,,,,,https://thegioihoinhap.vn/kinh-doanh/thong-tin-doanh-nghiep/chon-trang-suc-di-bien-cho-mua-he-ruc-ro/,
," Tín dụng tăng, lãi suất tăng, khó kìm lạm phát ",,,,,,,,https://thegioihoinhap.vn/kinh-doanh/thong-tin-doanh-nghiep/ao-mua-choang-son-thuy-chat-luong-hang-dau/,
," Tín dụng tăng, lãi suất tăng, khó kìm lạm phát ",,,,,,,,https://thegioihoinhap.vn/kinh-doanh/viet-nam-dang-la-thi-truong-hap-dan-nhat-khu-vuc-dong-nam-a/,
," Tín dụng tăng, lãi suất tăng, khó kìm lạm phát ",,,,,,,,https://thegioihoinhap.vn/kinh-doanh/thong-tin-doanh-nghiep/cac-san-pham-thuc-pham-che-bien-chat-luong-tai-sagrifood/,
," Tín dụng tăng, lãi suất tăng, khó kìm lạm phát ",,,,,,,,https://thegioihoinhap.vn/kinh-doanh/thong-tin-doanh-nghiep/chao-dau-xanh-to-yen-thuc-pham-tien-loi-cho-bua-sang/,
, Hàng không Anh quá tải vì thiếu nhân lực ,,,,,,,,https://thegioihoinhap.vn/quoc-te/tin-tuc/nga-tim-duong-di-moi-cho-dau-mo/,
, Hàng không Anh quá tải vì thiếu nhân lực ,,,,,,,,https://thegioihoinhap.vn/quoc-te/tin-tuc/trung-quoc-cong-bo-goi-kich-thich-kinh-te-hau-covid-19/,
, Hàng không Anh quá tải vì thiếu nhân lực ,,,,,,,,https://thegioihoinhap.vn/quoc-te/tin-tuc/gia-dau-tho-tang-len-muc-hon-120-usd-mot-thung/,
, Hàng không Anh quá tải vì thiếu nhân lực ,,,,,,,,https://thegioihoinhap.vn/quoc-te/tin-tuc/eu-thong-qua-thoa-thuan-cam-dau-nga/,
, Hàng không Anh quá tải vì thiếu nhân lực ,,,,,,,,https://thegioihoinhap.vn/quoc-te/tin-tuc/an-do-giam-va-loai-bo-nhieu-loai-thue-truoc-da-tang-cua-lam-phat/,
, Mỹ miễn thuế 24 tháng cho pin năng lượng mặt trời của Việt Nam ,,,,,,,,https://thegioihoinhap.vn/quoc-te/thuong-mai/an-do-tai-khoi-dong-xuat-khau-nhieu-mat-hang-thuc-pham-sang-nga/,
, Mỹ miễn thuế 24 tháng cho pin năng lượng mặt trời của Việt Nam ,,,,,,,,https://thegioihoinhap.vn/quoc-te/thuong-mai/han-quoc-quyet-dinh-gia-nhap-cptpp/,
, Mỹ miễn thuế 24 tháng cho pin năng lượng mặt trời của Việt Nam ,,,,,,,,https://thegioihoinhap.vn/quoc-te/thuong-mai/giam-phu-thuoc-trung-quoc-co-le-la-dieu-tot-cho-tat-ca/,
, Mỹ miễn thuế 24 tháng cho pin năng lượng mặt trời của Việt Nam ,,,,,,,,https://thegioihoinhap.vn/quoc-te/tin-tuc/nuoc-nga-quay-ve-cac-san-pham-thoi-lien-xo/,
, Mỹ miễn thuế 24 tháng cho pin năng lượng mặt trời của Việt Nam ,,,,,,,,https://thegioihoinhap.vn/quoc-te/dua-tien-ao-vao-khuon-kho-kiem-soat/,
, Mỹ miễn thuế 24 tháng cho pin năng lượng mặt trời của Việt Nam ,,,,,,,,https://thegioihoinhap.vn/quoc-te/tin-tuc/nga-tim-duong-di-moi-cho-dau-mo/,
, Mỹ miễn thuế 24 tháng cho pin năng lượng mặt trời của Việt Nam ,,,,,,,,https://thegioihoinhap.vn/quoc-te/tin-tuc/trung-quoc-cong-bo-goi-kich-thich-kinh-te-hau-covid-19/,
, Mỹ miễn thuế 24 tháng cho pin năng lượng mặt trời của Việt Nam ,,,,,,,,https://thegioihoinhap.vn/quoc-te/nguoi-nga-bat-dau-ngam-don-cam-van/,
, Mỹ miễn thuế 24 tháng cho pin năng lượng mặt trời của Việt Nam ,,,,,,,,https://thegioihoinhap.vn/quoc-te/tin-tuc/gia-dau-tho-tang-len-muc-hon-120-usd-mot-thung/,
," Ngân sách 5 tháng đầu năm bội thu, TP.HCM giữ vị trí đầu tàu ",,,,,,,,https://thegioihoinhap.vn/thoi-su/moi-truong/who-keu-goi-cac-nuoc-xem-dau-loc-thuoc-la-nhu-nhua-su-dung-mot-lan/,
," Ngân sách 5 tháng đầu năm bội thu, TP.HCM giữ vị trí đầu tàu ",,,,,,,,https://thegioihoinhap.vn/thoi-su/khach-quoc-te-den-viet-nam-tiep-tuc-tang/,
," Ngân sách 5 tháng đầu năm bội thu, TP.HCM giữ vị trí đầu tàu ",,,,,,,,https://thegioihoinhap.vn/thoi-su/xa-hoi/gia-xang-dau-day-lam-phat-tang-cao/,
," Ngân sách 5 tháng đầu năm bội thu, TP.HCM giữ vị trí đầu tàu ",,,,,,,,https://thegioihoinhap.vn/thoi-su/xa-hoi/giam-sat-chat-nguoi-ve-tu-12-quoc-gia-ngan-ngua-benh-dau-mua-khi/,
," Ngân sách 5 tháng đầu năm bội thu, TP.HCM giữ vị trí đầu tàu ",,,,,,,,https://thegioihoinhap.vn/thoi-su/xa-hoi/horea-phan-doi-de-xuat-so-huu-nha-chung-cu-co-thoi-han/,
," Ngân sách 5 tháng đầu năm bội thu, TP.HCM giữ vị trí đầu tàu ",,,,,,,,https://thegioihoinhap.vn/thoi-su/xa-hoi/oxfam-keu-goi-danh-thue-cac-ty-phu-de-ho-tro-nguoi-ngheo/,
, Đột phá hạ tầng giao thông ,,,,,,,,https://thegioihoinhap.vn/goc-nhin/ca-phe-sang/lam-gi-de-khong-lap-lai-thap-ky-mat-mat-doi-voi-kinh-te-viet-nam/,
, Đột phá hạ tầng giao thông ,,,,,,,,https://thegioihoinhap.vn/goc-nhin/ca-phe-sang/san-xuat-lua-huu-co-con-duong-ben-vung-cho-dbscl/,
, Đột phá hạ tầng giao thông ,,,,,,,,https://thegioihoinhap.vn/goc-nhin/ca-phe-sang/xuat-khau-va-chi-dau-su-hoi-phuc/,
, Đột phá hạ tầng giao thông ,,,,,,,,https://thegioihoinhap.vn/goc-nhin/ca-phe-sang/von-fdi-dang-do-vao-linh-vuc-san-xuat/,
, Đột phá hạ tầng giao thông ,,,,,,,,https://thegioihoinhap.vn/goc-nhin/ca-phe-sang/ca-the-gioi-va-lay/,
," Tín dụng tăng, lãi suất tăng, khó kìm lạm phát ",,,,,,,,https://thegioihoinhap.vn/kinh-doanh/tai-chinh-bds/cuoc-dua-huy-dong-von-tang-toc/,
," Tín dụng tăng, lãi suất tăng, khó kìm lạm phát ",,,,,,,,https://thegioihoinhap.vn/kinh-doanh/tai-chinh-bds/cuoc-canh-tranh-khoc-liet-tren-thi-truong-thanh-toan-di-dong/,
," Tín dụng tăng, lãi suất tăng, khó kìm lạm phát ",,,,,,,,https://thegioihoinhap.vn/kinh-doanh/thong-tin-doanh-nghiep/qua-tang-y-nghia-cho-be-trong-ngay-quoc-te-thieu-nhi/,
," Tín dụng tăng, lãi suất tăng, khó kìm lạm phát ",,,,,,,,https://thegioihoinhap.vn/kinh-doanh/thong-tin-doanh-nghiep/ao-mua-bo-son-thuy-dong-hanh-cung-ban-tren-duong/,
," Tín dụng tăng, lãi suất tăng, khó kìm lạm phát ",,,,,,,,https://thegioihoinhap.vn/kinh-doanh/thong-tin-doanh-nghiep/city-petro-thong-bao-giam-manh-gia-gas-cac-loai/,
," Tín dụng tăng, lãi suất tăng, khó kìm lạm phát ",,,,,,,,https://thegioihoinhap.vn/kinh-doanh/da-lay-lai-duoc-toan-bo-100-container-hat-dieu-xuat-khau-mat-chung-tu/,
," DN hàng không, vận tải kho bãi, du lịch… được vay hỗ trợ lãi suất 2%/năm ",,,,,,,,https://thegioihoinhap.vn/kinh-doanh/doanh-nghiep/dn-hang-khong-van-tai-kho-bai-du-lich-duoc-vay-ho-tro-lai-suat-2-nam/,
," DN hàng không, vận tải kho bãi, du lịch… được vay hỗ trợ lãi suất 2%/năm ",,,,,,,,https://thegioihoinhap.vn/kinh-doanh/doanh-nghiep/hoang-anh-gia-lai-bi-phat-3-ty-dinh-chi-giao-dich-chung-khoan-5-thang/,
," DN hàng không, vận tải kho bãi, du lịch… được vay hỗ trợ lãi suất 2%/năm ",,,,,,,,https://thegioihoinhap.vn/kinh-doanh/doanh-nghiep/5-doanh-nghiep-vn-lot-top-2-000-cong-ty-lon-nhat-the-gioi-cua-forbes/,
, Hàng không Anh quá tải vì thiếu nhân lực ,,,,,,,,https://thegioihoinhap.vn/quoc-te/tin-tuc/indonesia-su-dung-ma-so-dinh-danh-ca-nhan-lam-ma-so-thue/,
, Hàng không Anh quá tải vì thiếu nhân lực ,,,,,,,,https://thegioihoinhap.vn/quoc-te/tin-tuc/han-quoc-cap-visa-du-lich-tro-lai-cho-khach-viet-nam/,
, Hàng không Anh quá tải vì thiếu nhân lực ,,,,,,,,https://thegioihoinhap.vn/quoc-te/tin-tuc/ba-kich-ban-dai-dich-covid-19-toi-nam-2027/,
, Hàng không Anh quá tải vì thiếu nhân lực ,,,,,,,,https://thegioihoinhap.vn/quoc-te/tin-tuc/han-quoc-uu-tien-ap-dung-cac-bien-phap-nham-on-dinh-vat-gia/,
, Hàng không Anh quá tải vì thiếu nhân lực ,,,,,,,,https://thegioihoinhap.vn/quoc-te/tin-tuc/kinh-te-trung-quoc-da-ha-nhiet-dang-ke-trong-thang-4/,
, Hàng không Anh quá tải vì thiếu nhân lực ,,,,,,,,https://thegioihoinhap.vn/quoc-te/tin-tuc/ky-su-goc-hoa-lanh-an-vi-trom-cong-nghe-lon-coca-cola-cho-trung-quoc/,
, Mỹ miễn thuế 24 tháng cho pin năng lượng mặt trời của Việt Nam ,,,,,,,,https://thegioihoinhap.vn/magazine/tai-lap-tuyen-bay-huyen-thoai-kangaroo-route/,
, Mỹ miễn thuế 24 tháng cho pin năng lượng mặt trời của Việt Nam ,,,,,,,,https://thegioihoinhap.vn/quoc-te/thuong-mai/shell-thiet-hai-hang-ty-usd-do-rut-khoi-nga/,
, Mỹ miễn thuế 24 tháng cho pin năng lượng mặt trời của Việt Nam ,,,,,,,,https://thegioihoinhap.vn/quoc-te/thuong-mai/nga-giam-gia-35-usd-moi-thung-dau-tho-ban-cho-an-do/,
, Mỹ miễn thuế 24 tháng cho pin năng lượng mặt trời của Việt Nam ,,,,,,,,https://thegioihoinhap.vn/quoc-te/tin-tuc/eu-thong-qua-thoa-thuan-cam-dau-nga/,
, Mỹ miễn thuế 24 tháng cho pin năng lượng mặt trời của Việt Nam ,,,,,,,,https://thegioihoinhap.vn/quoc-te/nam-dieu-rut-ra-tu-chuyen-cong-du-chau-a-cua-ong-biden/,
, Mỹ miễn thuế 24 tháng cho pin năng lượng mặt trời của Việt Nam ,,,,,,,,https://thegioihoinhap.vn/magazine/kinh-te-trung-quoc-lao-doc-vi-ke-giet-nguoi-kep/,
, Mỹ miễn thuế 24 tháng cho pin năng lượng mặt trời của Việt Nam ,,,,,,,,https://thegioihoinhap.vn/quoc-te/thuong-mai/my-khoi-dong-sang-kien-kinh-te-moi-o-chau-a-thai-binh-duong/,
, Mỹ miễn thuế 24 tháng cho pin năng lượng mặt trời của Việt Nam ,,,,,,,,https://thegioihoinhap.vn/quoc-te/tin-tuc/an-do-giam-va-loai-bo-nhieu-loai-thue-truoc-da-tang-cua-lam-phat/,
," Ngân sách 5 tháng đầu năm bội thu, TP.HCM giữ vị trí đầu tàu ",,,,,,,,https://thegioihoinhap.vn/thoi-su/xa-hoi/gia-xang-tang-len-muc-30-650-dong-lit/,
," Ngân sách 5 tháng đầu năm bội thu, TP.HCM giữ vị trí đầu tàu ",,,,,,,,https://thegioihoinhap.vn/thoi-su/xa-hoi/kho-goi-taxi-xe-cong-nghe/,
," Ngân sách 5 tháng đầu năm bội thu, TP.HCM giữ vị trí đầu tàu ",,,,,,,,https://thegioihoinhap.vn/thoi-su/bo-tai-chinh-de-xuat-hoan-nop-thue-cho-nguoi-dan-va-doanh-nghiep/,
," Ngân sách 5 tháng đầu năm bội thu, TP.HCM giữ vị trí đầu tàu ",,,,,,,,https://thegioihoinhap.vn/thoi-su/xa-hoi/nganh-du-lich-khat-nhan-luc-hau-covid-19/,
," Ngân sách 5 tháng đầu năm bội thu, TP.HCM giữ vị trí đầu tàu ",,,,,,,,https://thegioihoinhap.vn/thoi-su/xa-hoi/gia-xang-co-the-tang-len-muc-31-000-dong-lit/,
," Ngân sách 5 tháng đầu năm bội thu, TP.HCM giữ vị trí đầu tàu ",,,,,,,,https://thegioihoinhap.vn/thoi-su/xa-hoi/tp-hcm-se-khong-tang-hoc-phi-tu-dau-nam-hoc-2022-2023/,
, [Photo] Khám phá Talaad Thai – chợ đầu mối lớn nhất Thái Lan ,,,,,,,,https://thegioihoinhap.vn/tiep-thi-4-0/chuyen-tiep-thi/photo-kham-pha-talaad-thai-cho-dau-moi-lon-nhat-thai-lan/,
, [Photo] Khám phá Talaad Thai – chợ đầu mối lớn nhất Thái Lan ,,,,,,,,https://thegioihoinhap.vn/tiep-thi-4-0/chuyen-tiep-thi/thuc-day-lap-hiep-hoi-doanh-nghiep-san-xuat-kinh-doanh-hang-viet-tai-thai-lan/,
, [Photo] Khám phá Talaad Thai – chợ đầu mối lớn nhất Thái Lan ,,,,,,,,https://thegioihoinhap.vn/tiep-thi-4-0/chuyen-tiep-thi/nguoi-thai-chuong-bao-bi-san-pham-co-hinh-hoat-hoa/,
, [Photo] Khám phá Talaad Thai – chợ đầu mối lớn nhất Thái Lan ,,,,,,,,https://thegioihoinhap.vn/tiep-thi-4-0/chuyen-tiep-thi/khach-thaifex-thich-thu-voi-nhung-san-pham-vi-su-song-den-tu-viet-nam/,
, Đột phá hạ tầng giao thông ,,,,,,,,https://thegioihoinhap.vn/magazine/khai-thac-hanh-lang-song-sai-gon-nhin-tu-tren-ben-den-duoi-thuyen/,
, Đột phá hạ tầng giao thông ,,,,,,,,https://thegioihoinhap.vn/goc-nhin/ca-phe-sang/dung-mua-dat-bao-loc/,
, Đột phá hạ tầng giao thông ,,,,,,,,https://thegioihoinhap.vn/magazine/hoa-nguc-chien-tranh/,
, Chọn trang sức đi biển cho mùa hè rực rỡ ,,,,,,,,https://thegioihoinhap.vn/kinh-doanh/thong-tin-doanh-nghiep/chon-trang-suc-di-bien-cho-mua-he-ruc-ro/,
, Chọn trang sức đi biển cho mùa hè rực rỡ ,,,,,,,,https://thegioihoinhap.vn/kinh-doanh/thong-tin-doanh-nghiep/ao-mua-choang-son-thuy-chat-luong-hang-dau/,
, Chọn trang sức đi biển cho mùa hè rực rỡ ,,,,,,,,https://thegioihoinhap.vn/kinh-doanh/thong-tin-doanh-nghiep/cac-san-pham-thuc-pham-che-bien-chat-luong-tai-sagrifood/,
, Chọn trang sức đi biển cho mùa hè rực rỡ ,,,,,,,,https://thegioihoinhap.vn/kinh-doanh/thong-tin-doanh-nghiep/chao-dau-xanh-to-yen-thuc-pham-tien-loi-cho-bua-sang/,
," Tín dụng tăng, lãi suất tăng, khó kìm lạm phát ",,,,,,,,https://thegioihoinhap.vn/kinh-doanh/tai-chinh-bds/no-xau-gia-tang-tro-lai/,
," DN hàng không, vận tải kho bãi, du lịch… được vay hỗ trợ lãi suất 2%/năm ",,,,,,,,https://thegioihoinhap.vn/kinh-doanh/doanh-nghiep/doanh-nghiep-trong-the-luong-nan-chi-phi-tang-suc-mua-thap/,
, Giá trứng gia cầm lại nhấp nhổm tăng ,,,,,,,,https://thegioihoinhap.vn/tiep-thi-4-0/tiep-thi-so/gia-trung-gia-cam-lai-nhap-nhom-tang/,
, Giá trứng gia cầm lại nhấp nhổm tăng ,,,,,,,,https://thegioihoinhap.vn/tiep-thi-4-0/cac-san-thuong-mai-dien-tu-bat-dau-le-hoi-mua-sam-he/,
, Giá trứng gia cầm lại nhấp nhổm tăng ,,,,,,,,https://thegioihoinhap.vn/tiep-thi-4-0/tiep-thi-so/gia-trung-gia-cam-lai-nhap-nhom-tang/,
, Giá trứng gia cầm lại nhấp nhổm tăng ,,,,,,,,https://thegioihoinhap.vn/tiep-thi-4-0/tiep-thi-so/no-luc-vuot-bao-gia/,
," Tín dụng tăng, lãi suất tăng, khó kìm lạm phát ",,,,,,,,https://thegioihoinhap.vn/kinh-doanh/tai-chinh-bds/tin-dung-tang-lai-suat-tang-kho-kim-lam-phat/,
," Tín dụng tăng, lãi suất tăng, khó kìm lạm phát ",,,,,,,,https://thegioihoinhap.vn/kinh-doanh/tai-chinh-bds/no-xau-bat-dong-san-o-muc-37-000-ty-dong/,
," Tín dụng tăng, lãi suất tăng, khó kìm lạm phát ",,,,,,,,https://thegioihoinhap.vn/kinh-doanh/tai-chinh-bds/siet-tin-dung-bat-dong-san-qua-da-bai-hoc-tu-trung-quoc/,
," Tín dụng tăng, lãi suất tăng, khó kìm lạm phát ",,,,,,,,https://thegioihoinhap.vn/kinh-doanh/tai-chinh-bds/cuoc-dua-huy-dong-von-tang-toc/,
, Hàng không Anh quá tải vì thiếu nhân lực ,,,,,,,,https://thegioihoinhap.vn/quoc-te/tin-tuc/thuong-hai-siet-phong-toa-den-cuoi-thang-5/,
, Hàng không Anh quá tải vì thiếu nhân lực ,,,,,,,,https://thegioihoinhap.vn/quoc-te/tin-tuc/trung-quoc-buoc-vao-giai-doan-moi-chong-dich-benh-covid-19/,
, Hàng không Anh quá tải vì thiếu nhân lực ,,,,,,,,https://thegioihoinhap.vn/quoc-te/tin-tuc/trung-quoc-am-tham-thu-nghiem-kich-ban-bi-phuong-tay-trung-phat-giong-nga/,
, Hàng không Anh quá tải vì thiếu nhân lực ,,,,,,,,https://thegioihoinhap.vn/quoc-te/tin-tuc/eu-chia-re-doi-voi-lenh-cam-nhap-khau-dau-mo-tu-nga/,
, Hàng không Anh quá tải vì thiếu nhân lực ,,,,,,,,https://thegioihoinhap.vn/quoc-te/tin-tuc/ngan-hang-trung-uong-nga-tiep-tuc-cat-giam-lai-suat-co-ban/,
, Hàng không Anh quá tải vì thiếu nhân lực ,,,,,,,,https://thegioihoinhap.vn/quoc-te/tin-tuc/thai-lan-bo-quy-dinh-hai-lan-xet-nghiem-pcr-bat-buoc/,
," Ngân sách 5 tháng đầu năm bội thu, TP.HCM giữ vị trí đầu tàu ",,,,,,,,https://thegioihoinhap.vn/thoi-su/xa-hoi/so-hong-chung-cu-se-chi-co-gia-tri-tu-50-den-70-nam/,
, [Photo] Khám phá Talaad Thai – chợ đầu mối lớn nhất Thái Lan ,,,,,,,,https://thegioihoinhap.vn/tiep-thi-4-0/chuyen-tiep-thi/hoi-dn-hvnclc-to-chuc-doan-18-dn-tham-gia-thaifex-2022/,
, [Photo] Khám phá Talaad Thai – chợ đầu mối lớn nhất Thái Lan ,,,,,,,,https://thegioihoinhap.vn/magazine/bun-dua-hau-viet-thang-cho-quoc-te-thaifex-2022/,
, [Photo] Khám phá Talaad Thai – chợ đầu mối lớn nhất Thái Lan ,,,,,,,,https://thegioihoinhap.vn/magazine/di-hoi-cho-dau-phai-di-choi/,
, [Photo] Khám phá Talaad Thai – chợ đầu mối lớn nhất Thái Lan ,,,,,,,,https://thegioihoinhap.vn/magazine/do-trend-bat-nhip-o-thaifex-2022/,
, [Photo] Khám phá Talaad Thai – chợ đầu mối lớn nhất Thái Lan ,,,,,,,,https://thegioihoinhap.vn/tiep-thi-4-0/chuyen-tiep-thi/chum-anh-ron-rang-tray-hoi-gia-vi-viet/,
, [Photo] Khám phá Talaad Thai – chợ đầu mối lớn nhất Thái Lan ,,,,,,,,https://thegioihoinhap.vn/tiep-thi-4-0/chuyen-tiep-thi/hom-nay-khai-mac-le-hoi-tinh-hoa-gia-vi-viet-2022/,
, Chọn trang sức đi biển cho mùa hè rực rỡ ,,,,,,,,https://thegioihoinhap.vn/kinh-doanh/thong-tin-doanh-nghiep/qua-tang-y-nghia-cho-be-trong-ngay-quoc-te-thieu-nhi/,
, Chọn trang sức đi biển cho mùa hè rực rỡ ,,,,,,,,https://thegioihoinhap.vn/kinh-doanh/thong-tin-doanh-nghiep/ao-mua-bo-son-thuy-dong-hanh-cung-ban-tren-duong/,
, Chọn trang sức đi biển cho mùa hè rực rỡ ,,,,,,,,https://thegioihoinhap.vn/kinh-doanh/thong-tin-doanh-nghiep/city-petro-thong-bao-giam-manh-gia-gas-cac-loai/,
, Chọn trang sức đi biển cho mùa hè rực rỡ ,,,,,,,,https://thegioihoinhap.vn/kinh-doanh/thong-tin-doanh-nghiep/khanh-hoa-nutrifood-chao-mung-ngay-quoc-te-thieu-nhi/,
, Chọn trang sức đi biển cho mùa hè rực rỡ ,,,,,,,,https://thegioihoinhap.vn/kinh-doanh/thong-tin-doanh-nghiep/kham-pha-bo-suu-tap-trang-suc-cho-be-tai-ngoc-tham-jewelry/,
," Tín dụng tăng, lãi suất tăng, khó kìm lạm phát ",,,,,,,,https://thegioihoinhap.vn/kinh-doanh/thong-tin-doanh-nghiep/khanh-hoa-nutrifood-chao-mung-ngay-quoc-te-thieu-nhi/,
," Tín dụng tăng, lãi suất tăng, khó kìm lạm phát ",,,,,,,,https://thegioihoinhap.vn/kinh-doanh/thong-tin-doanh-nghiep/kham-pha-bo-suu-tap-trang-suc-cho-be-tai-ngoc-tham-jewelry/,
," Tín dụng tăng, lãi suất tăng, khó kìm lạm phát ",,,,,,,,https://thegioihoinhap.vn/kinh-doanh/thong-tin-doanh-nghiep/sagrifood-dua-vao-hoat-dong-nha-may-giet-mo-chuan-chau-au/,
," Tín dụng tăng, lãi suất tăng, khó kìm lạm phát ",,,,,,,,https://thegioihoinhap.vn/kinh-doanh/tai-chinh-bds/gan-3-ty-usd-von-ngoai-rot-vao-nganh-kinh-doanh-bat-dong-san/,
," Tín dụng tăng, lãi suất tăng, khó kìm lạm phát ",,,,,,,,https://thegioihoinhap.vn/kinh-doanh/tai-chinh-bds/chinh-thuc-ho-tro-lai-suat-2-nam/,
," DN hàng không, vận tải kho bãi, du lịch… được vay hỗ trợ lãi suất 2%/năm ",,,,,,,,https://thegioihoinhap.vn/kinh-doanh/doanh-nghiep/vua-thep-viet-nam-vao-top-doanh-nghiep-lon-nhat-the-gioi/,
," DN hàng không, vận tải kho bãi, du lịch… được vay hỗ trợ lãi suất 2%/năm ",,,,,,,,https://thegioihoinhap.vn/kinh-doanh/doanh-nghiep/vcci-sap-cong-bo-quy-tac-dao-duc-kinh-doanh-viet-nam/,
," DN hàng không, vận tải kho bãi, du lịch… được vay hỗ trợ lãi suất 2%/năm ",,,,,,,,https://thegioihoinhap.vn/kinh-doanh/doanh-nghiep/seaprodex-sai-gon-bi-buoc-mo-thu-tuc-pha-san/,
," DN hàng không, vận tải kho bãi, du lịch… được vay hỗ trợ lãi suất 2%/năm ",,,,,,,,https://thegioihoinhap.vn/kinh-doanh/doanh-nghiep/petrolimex-giam-loi-nhuan-du-gia-xang-tang-cao/,
," DN hàng không, vận tải kho bãi, du lịch… được vay hỗ trợ lãi suất 2%/năm ",,,,,,,,https://thegioihoinhap.vn/kinh-doanh/doanh-nghiep/chuyen-doi-so-co-the-thuc-hien-trong-hai-gio-nhung/,
," DN hàng không, vận tải kho bãi, du lịch… được vay hỗ trợ lãi suất 2%/năm ",,,,,,,,https://thegioihoinhap.vn/kinh-doanh/doanh-nghiep/tam-hiep-hoi-kien-nghi-lui-thoi-diem-tang-luong-cho-cong-nhan/,
, Giá trứng gia cầm lại nhấp nhổm tăng ,,,,,,,,https://thegioihoinhap.vn/tiep-thi-4-0/singapore-lam-vao-khung-hoang-com-ga-vi-chinh-sach-cam-xuat-khau-cua-malaysia/,
, Giá trứng gia cầm lại nhấp nhổm tăng ,,,,,,,,https://thegioihoinhap.vn/tiep-thi-4-0/tiep-thi-so/no-luc-vuot-bao-gia/,
, Giá trứng gia cầm lại nhấp nhổm tăng ,,,,,,,,https://thegioihoinhap.vn/tiep-thi-4-0/xu-huong-tieu-dung-sau-dai-dai-dich-dinh-duong-dinh-duong-va-dinh-duong/,
, Giá trứng gia cầm lại nhấp nhổm tăng ,,,,,,,,https://thegioihoinhap.vn/tiep-thi-4-0/trai-nghiem-thuc-pham-tuong-lai-tai-thaifex-2022/,
, Giá trứng gia cầm lại nhấp nhổm tăng ,,,,,,,,https://thegioihoinhap.vn/tiep-thi-4-0/gia-xang-viet-nam-o-muc-trung-binh-so-sanh-vay-la-khap-khieng/,
, Giá trứng gia cầm lại nhấp nhổm tăng ,,,,,,,,https://thegioihoinhap.vn/tiep-thi-4-0/tiep-thi-so/gia-tieu-dung-tang-phi-ma/,
, Giá trứng gia cầm lại nhấp nhổm tăng ,,,,,,,,https://thegioihoinhap.vn/magazine/nuoc-my-lam-vao-tinh-canh-khan-hiem-nghiem-trong-sua-bot-cho-tre-em/,
, Giá trứng gia cầm lại nhấp nhổm tăng ,,,,,,,,https://thegioihoinhap.vn/tiep-thi-4-0/tiep-thi-so/gia-ca-hang-hoa-dong-loat-tang-cao/,
, Giá trứng gia cầm lại nhấp nhổm tăng ,,,,,,,,https://thegioihoinhap.vn/tiep-thi-4-0/tiep-thi-so/gia-trung-gia-cam-tang-2-000-5-000-dong-chuc/,
, Giá trứng gia cầm lại nhấp nhổm tăng ,,,,,,,,https://thegioihoinhap.vn/tiep-thi-4-0/tiep-thi-so/xang-tang-gia-400-dong-mot-lit/,
, Giá trứng gia cầm lại nhấp nhổm tăng ,,,,,,,,https://thegioihoinhap.vn/tiep-thi-4-0/tiep-thi-so/doi-dua-giup-mon-an-dam-da-hon/,
, Giá trứng gia cầm lại nhấp nhổm tăng ,,,,,,,,https://thegioihoinhap.vn/tiep-thi-4-0/tiep-thi-so/nhieu-quay-ke-ban-trung-mi-dau-an-trong-tron/,
," Facebook, Google, Microsoft đã nộp hơn 5.111 tỷ tiền thuế cho Việt Nam ",,,,,,,,https://thegioihoinhap.vn/cong-nghe/facebook-google-microsoft-da-nop-hon-5-111-ty-tien-thue-cho-viet-nam/,
," Facebook, Google, Microsoft đã nộp hơn 5.111 tỷ tiền thuế cho Việt Nam ",,,,,,,,https://thegioihoinhap.vn/cong-nghe/binance-huy-dong-quy-500-trieu-usd-de-dau-tu-vao-web3/,
," Facebook, Google, Microsoft đã nộp hơn 5.111 tỷ tiền thuế cho Việt Nam ",,,,,,,,https://thegioihoinhap.vn/cong-nghe/apple-chuyen-san-xuat-ipad-sang-viet-nam/,
," Facebook, Google, Microsoft đã nộp hơn 5.111 tỷ tiền thuế cho Việt Nam ",,,,,,,,https://thegioihoinhap.vn/cong-nghe/golden-gate-ventures-danh-gia-cao-cac-start-up-viet-nam/,
," Tín dụng tăng, lãi suất tăng, khó kìm lạm phát ",,,,,,,,https://thegioihoinhap.vn/kinh-doanh/tai-chinh-bds/cuoc-canh-tranh-khoc-liet-tren-thi-truong-thanh-toan-di-dong/,
," Tín dụng tăng, lãi suất tăng, khó kìm lạm phát ",,,,,,,,https://thegioihoinhap.vn/kinh-doanh/tai-chinh-bds/no-xau-gia-tang-tro-lai/,
," Tín dụng tăng, lãi suất tăng, khó kìm lạm phát ",,,,,,,,https://thegioihoinhap.vn/kinh-doanh/tai-chinh-bds/gan-3-ty-usd-von-ngoai-rot-vao-nganh-kinh-doanh-bat-dong-san/,
," Tín dụng tăng, lãi suất tăng, khó kìm lạm phát ",,,,,,,,https://thegioihoinhap.vn/kinh-doanh/tai-chinh-bds/chinh-thuc-ho-tro-lai-suat-2-nam/,
," Tín dụng tăng, lãi suất tăng, khó kìm lạm phát ",,,,,,,,https://thegioihoinhap.vn/kinh-doanh/tai-chinh-bds/san-fintech-co-can-them-khung-phap-ly/,
, Công ty Cổ phần Dinh dưỡng Khánh Hoà ,,,,,,,,https://thegioihoinhap.vn/tiep-thi-4-0/ung-vien-hvnclc/cong-ty-co-phan-dinh-duong-khanh-hoa/,
, Công ty Cổ phần Dinh dưỡng Khánh Hoà ,,,,,,,,https://thegioihoinhap.vn/tiep-thi-4-0/ung-vien-hvnclc/cong-ty-tnhh-thoi-trang-co-va-hoa/,
, Công ty Cổ phần Dinh dưỡng Khánh Hoà ,,,,,,,,https://thegioihoinhap.vn/tiep-thi-4-0/ung-vien-hvnclc/cong-ty-tnhh-nhua-co-khi-va-thuong-mai-chan-thuan-thanh/,
, Công ty Cổ phần Dinh dưỡng Khánh Hoà ,,,,,,,,https://thegioihoinhap.vn/tiep-thi-4-0/ung-vien-hvnclc/cong-ty-tnhh-vang-bac-da-quy-ngoc-tham/,
, Công ty Cổ phần Dinh dưỡng Khánh Hoà ,,,,,,,,https://thegioihoinhap.vn/tiep-thi-4-0/ung-vien-hvnclc/cong-ty-co-phan-dong-giang/,
, [Photo] Khám phá Talaad Thai – chợ đầu mối lớn nhất Thái Lan ,,,,,,,,https://thegioihoinhap.vn/tiep-thi-4-0/chuyen-tiep-thi/mo-khoa-thi-truong-hong-kong/,
, [Photo] Khám phá Talaad Thai – chợ đầu mối lớn nhất Thái Lan ,,,,,,,,https://thegioihoinhap.vn/magazine/nuoc-bo-ket-an-nhien-san-pham-cua-su-tu-te/,
, [Photo] Khám phá Talaad Thai – chợ đầu mối lớn nhất Thái Lan ,,,,,,,,https://thegioihoinhap.vn/magazine/xay-dung-cong-dong-tieu-dung-thuong-xuyen-trong-khoi-nghiep/,
, [Photo] Khám phá Talaad Thai – chợ đầu mối lớn nhất Thái Lan ,,,,,,,,https://thegioihoinhap.vn/tiep-thi-4-0/chuyen-tiep-thi/toa-dam-doanh-nghiep-linh-hoat-thich-ung-quan-tri-trong-binh-thuong-moi/,
, [Photo] Khám phá Talaad Thai – chợ đầu mối lớn nhất Thái Lan ,,,,,,,,https://thegioihoinhap.vn/magazine/ca-phao-len-doi/,
, Chọn trang sức đi biển cho mùa hè rực rỡ ,,,,,,,,https://thegioihoinhap.vn/kinh-doanh/thong-tin-doanh-nghiep/sagrifood-dua-vao-hoat-dong-nha-may-giet-mo-chuan-chau-au/,
, Chọn trang sức đi biển cho mùa hè rực rỡ ,,,,,,,,https://thegioihoinhap.vn/kinh-doanh/thong-tin-doanh-nghiep/them-chat-thoi-trang-voi-ao-mua-trong-suot-son-thuy/,
, Chọn trang sức đi biển cho mùa hè rực rỡ ,,,,,,,,https://thegioihoinhap.vn/kinh-doanh/thong-tin-doanh-nghiep/su-thanh-lich-nhe-nhang-tu-nhung-doi-hoa-tai/,
, Chọn trang sức đi biển cho mùa hè rực rỡ ,,,,,,,,https://thegioihoinhap.vn/kinh-doanh/thong-tin-doanh-nghiep/vi-sao-nen-chon-san-pham-dung-cu-hoc-tap-chat-luong/,
, Chọn trang sức đi biển cho mùa hè rực rỡ ,,,,,,,,https://thegioihoinhap.vn/kinh-doanh/thong-tin-doanh-nghiep/yen-chung-danh-cho-nguoi-tieu-duong/,
," DN hàng không, vận tải kho bãi, du lịch… được vay hỗ trợ lãi suất 2%/năm ",,,,,,,,https://thegioihoinhap.vn/kinh-doanh/doanh-nghiep/thieu-hut-nhan-luc-thach-thuc-lon-cua-nganh-du-lich-hau-covid/,
," DN hàng không, vận tải kho bãi, du lịch… được vay hỗ trợ lãi suất 2%/năm ",,,,,,,,https://thegioihoinhap.vn/kinh-doanh/doanh-nghiep/xuat-khau-nghieng-han-ve-khoi-ngoai/,
," DN hàng không, vận tải kho bãi, du lịch… được vay hỗ trợ lãi suất 2%/năm ",,,,,,,,https://thegioihoinhap.vn/kinh-doanh/doanh-nghiep/xu-huong-moi-tai-che-sau-san-xuat/,
," DN hàng không, vận tải kho bãi, du lịch… được vay hỗ trợ lãi suất 2%/năm ",,,,,,,,https://thegioihoinhap.vn/kinh-doanh/doanh-nghiep/doanh-nghiep-dang-an-dong-nguyen-lieu/,
," DN hàng không, vận tải kho bãi, du lịch… được vay hỗ trợ lãi suất 2%/năm ",,,,,,,,https://thegioihoinhap.vn/kinh-doanh/doanh-nghiep/tp-hcm-hon-9-000-doanh-nghiep-duoc-thanh-lap-trong-3-thang-dau-nam/,
," DN hàng không, vận tải kho bãi, du lịch… được vay hỗ trợ lãi suất 2%/năm ",,,,,,,,https://thegioihoinhap.vn/kinh-doanh/doanh-nghiep/huy-9-dot-phat-hanh-trai-phieu-cua-cac-cong-ty-thuoc-tap-doan-tan-hoang-minh/,
, Giá trứng gia cầm lại nhấp nhổm tăng ,,,,,,,,https://thegioihoinhap.vn/tiep-thi-4-0/hoi-thao-san-pham-viet-premium-dap-ung-xu-huong-tieu-dung-hau-dai-dich/,
, Giá trứng gia cầm lại nhấp nhổm tăng ,,,,,,,,https://thegioihoinhap.vn/tiep-thi-4-0/tiep-thi-so/gia-tieu-dung-tang-phi-ma/,
, Giá trứng gia cầm lại nhấp nhổm tăng ,,,,,,,,https://thegioihoinhap.vn/tiep-thi-4-0/chuyen-tiep-thi/photo-kham-pha-talaad-thai-cho-dau-moi-lon-nhat-thai-lan/,
, Giá trứng gia cầm lại nhấp nhổm tăng ,,,,,,,,https://thegioihoinhap.vn/tiep-thi-4-0/chuyen-tiep-thi/thuc-day-lap-hiep-hoi-doanh-nghiep-san-xuat-kinh-doanh-hang-viet-tai-thai-lan/,
, Giá trứng gia cầm lại nhấp nhổm tăng ,,,,,,,,https://thegioihoinhap.vn/tiep-thi-4-0/chuyen-tiep-thi/nguoi-thai-chuong-bao-bi-san-pham-co-hinh-hoat-hoa/,
, Giá trứng gia cầm lại nhấp nhổm tăng ,,,,,,,,https://thegioihoinhap.vn/tiep-thi-4-0/10-xu-huong-tieu-thu-thuc-pham-cua-nam-2022/,
, Giá trứng gia cầm lại nhấp nhổm tăng ,,,,,,,,https://thegioihoinhap.vn/tiep-thi-4-0/tiep-thi-so/gia-xang-tang-gan-700-dong-lit/,
, Giá trứng gia cầm lại nhấp nhổm tăng ,,,,,,,,https://thegioihoinhap.vn/tiep-thi-4-0/tiep-thi-so/sieu-thi-gioi-han-nguoi-tieu-dung-mua-2-thung-bia-3-vi-trung/,
, Giá trứng gia cầm lại nhấp nhổm tăng ,,,,,,,,https://thegioihoinhap.vn/tiep-thi-4-0/tiep-thi-so/thuc-pham-lam-thu-cong-phai-ghi-ro-cac-thanh-phan-dinh-duong/,
, Giá trứng gia cầm lại nhấp nhổm tăng ,,,,,,,,https://thegioihoinhap.vn/tiep-thi-4-0/tiep-thi-so/tp-hcm-trien-khai-binh-on-gia-nhieu-mat-hang-tu-ngay-2-4/,
, Giá trứng gia cầm lại nhấp nhổm tăng ,,,,,,,,https://thegioihoinhap.vn/tiep-thi-4-0/tiep-thi-so/gia-gas-tiep-tuc-tang-manh-tu-1-4/,
, Giá trứng gia cầm lại nhấp nhổm tăng ,,,,,,,,https://thegioihoinhap.vn/tiep-thi-4-0/tiep-thi-so/trung-gia-cam-tai-tp-hcm-se-tang-gia-vao-thang-4/,
," Facebook, Google, Microsoft đã nộp hơn 5.111 tỷ tiền thuế cho Việt Nam ",,,,,,,,https://thegioihoinhap.vn/cong-nghe/xiaomi-san-xuat-smartphone-tai-viet-nam/,
," Facebook, Google, Microsoft đã nộp hơn 5.111 tỷ tiền thuế cho Việt Nam ",,,,,,,,https://thegioihoinhap.vn/cong-nghe/ceo-nokia-tin-mang-6g-se-khien-smartphone-loi-thoi/,
," Facebook, Google, Microsoft đã nộp hơn 5.111 tỷ tiền thuế cho Việt Nam ",,,,,,,,https://thegioihoinhap.vn/cong-nghe/cac-dai-gia-cong-nghe-trung-quoc-co-doanh-thu-thap-ky-luc/,
," Facebook, Google, Microsoft đã nộp hơn 5.111 tỷ tiền thuế cho Việt Nam ",,,,,,,,https://thegioihoinhap.vn/cong-nghe/nhat-ban-phoi-hop-voi-tsmc-phat-trien-tai-nang-cong-nghe/,
," Facebook, Google, Microsoft đã nộp hơn 5.111 tỷ tiền thuế cho Việt Nam ",,,,,,,,https://thegioihoinhap.vn/cong-nghe/samsung-cong-bo-ke-hoach-dau-tu-356-ty-usd-trong-5-nam-toi/,
," Facebook, Google, Microsoft đã nộp hơn 5.111 tỷ tiền thuế cho Việt Nam ",,,,,,,,https://thegioihoinhap.vn/cong-nghe/apple-nang-chat-luong-nha-cung-ung-tai-viet-nam/,
," Tín dụng tăng, lãi suất tăng, khó kìm lạm phát ",,,,,,,,https://thegioihoinhap.vn/kinh-doanh/tai-chinh-bds/chenh-lech-20-trieu-dong-luong-co-thao-tung-gia-vang-de-truc-loi/,
," Tín dụng tăng, lãi suất tăng, khó kìm lạm phát ",,,,,,,,https://thegioihoinhap.vn/kinh-doanh/tai-chinh-bds/mobile-money-co-theo-kip-vi-dien-tu/,
," Tín dụng tăng, lãi suất tăng, khó kìm lạm phát ",,,,,,,,https://thegioihoinhap.vn/kinh-doanh/tai-chinh-bds/giao-dich-bat-dong-san-se-lai-bung-no-o-chau-a-thai-binh-duong/,
," Tín dụng tăng, lãi suất tăng, khó kìm lạm phát ",,,,,,,,https://thegioihoinhap.vn/kinh-doanh/tai-chinh-bds/thu-truong-bo-tai-chinh-phu-trach-dieu-hanh-uy-ban-chung-khoan/,
," Tín dụng tăng, lãi suất tăng, khó kìm lạm phát ",,,,,,,,https://thegioihoinhap.vn/kinh-doanh/tai-chinh-bds/vang-sjc-dung-yen-bat-thuong/,
, Công ty Cổ phần Dinh dưỡng Khánh Hoà ,,,,,,,,https://thegioihoinhap.vn/tiep-thi-4-0/ung-vien-hvnclc/cong-ty-ty-tnhh-san-xuat-thuong-mai-nam-quoc-h-l/,
, Công ty Cổ phần Dinh dưỡng Khánh Hoà ,,,,,,,,https://thegioihoinhap.vn/tiep-thi-4-0/ung-vien-hvnclc/cong-ty-tnhh-ntpm-viet-nam/,
, Công ty Cổ phần Dinh dưỡng Khánh Hoà ,,,,,,,,https://thegioihoinhap.vn/tiep-thi-4-0/ung-vien-hvnclc/khoi-dong-chuong-trinh-ung-vien-hang-viet-nam-chat-luong-cao-2022/,
, [Photo] Khám phá Talaad Thai – chợ đầu mối lớn nhất Thái Lan ,,,,,,,,https://thegioihoinhap.vn/tiep-thi-4-0/chuyen-tiep-thi/danh-sach-chinh-thuc-524-dn-duoc-nguoi-tieu-dung-binh-chon-hvnclc-2022/,
, [Photo] Khám phá Talaad Thai – chợ đầu mối lớn nhất Thái Lan ,,,,,,,,https://thegioihoinhap.vn/tiep-thi-4-0/chuyen-tiep-thi/16-tan-nuoc-mam-tuong-ot-sam-bo-luong-len-duong-sang-my/,
, [Photo] Khám phá Talaad Thai – chợ đầu mối lớn nhất Thái Lan ,,,,,,,,https://thegioihoinhap.vn/tiep-thi-4-0/chuyen-tiep-thi/vi-la-mon-quen-cho-dan-ghien-mi-o-tram-mi-acecook/,
, [Photo] Khám phá Talaad Thai – chợ đầu mối lớn nhất Thái Lan ,,,,,,,,https://thegioihoinhap.vn/tiep-thi-4-0/chuyen-tiep-thi/nuoc-mam-sa-sung-dasavina-vi-mam-hao-hang-cho-nguoi-sanh-an/,
, [Photo] Khám phá Talaad Thai – chợ đầu mối lớn nhất Thái Lan ,,,,,,,,https://thegioihoinhap.vn/tiep-thi-4-0/chuyen-tiep-thi/sieu-thi-lon-nhat-thuy-si-chon-am-thuc-viet-nam-dai-dien-chau-a/,
, Chọn trang sức đi biển cho mùa hè rực rỡ ,,,,,,,,https://thegioihoinhap.vn/kinh-doanh/thong-tin-doanh-nghiep/don-dau-xu-huong-bang-trang-suc-cho-phai-manh-tai-ngoc-tham-jewelry/,
, Chọn trang sức đi biển cho mùa hè rực rỡ ,,,,,,,,https://thegioihoinhap.vn/kinh-doanh/thong-tin-doanh-nghiep/ao-mua-son-thuy-phu-hop-moi-lua-tuoi/,
, Chọn trang sức đi biển cho mùa hè rực rỡ ,,,,,,,,https://thegioihoinhap.vn/kinh-doanh/thong-tin-doanh-nghiep/yen-dong-trung-ha-thao-tang-cuong-suc-khoe-cho-nguoi-lon-tuoi/,
, Chọn trang sức đi biển cho mùa hè rực rỡ ,,,,,,,,https://thegioihoinhap.vn/kinh-doanh/thong-tin-doanh-nghiep/san-khuyen-mai-thang-5-cung-sagrifood/,
, Chọn trang sức đi biển cho mùa hè rực rỡ ,,,,,,,,https://thegioihoinhap.vn/kinh-doanh/thong-tin-doanh-nghiep/ly-do-nen-chon-thit-heo-thao-moc-sagri-cho-bua-com-gia-dinh/,
, Chọn trang sức đi biển cho mùa hè rực rỡ ,,,,,,,,https://thegioihoinhap.vn/kinh-doanh/thong-tin-doanh-nghiep/be-khoe-vui-choi-cung-nuoc-yen-sao-kidgrow/,
," DN hàng không, vận tải kho bãi, du lịch… được vay hỗ trợ lãi suất 2%/năm ",,,,,,,,https://thegioihoinhap.vn/kinh-doanh/doanh-nghiep/the-gioi-di-dong-thay-tong-giam-doc/,
," DN hàng không, vận tải kho bãi, du lịch… được vay hỗ trợ lãi suất 2%/năm ",,,,,,,,https://thegioihoinhap.vn/kinh-doanh/doanh-nghiep/ong-dang-tat-thang-lam-chu-tich-flc-thay-ong-trinh-van-quyet/,
," DN hàng không, vận tải kho bãi, du lịch… được vay hỗ trợ lãi suất 2%/năm ",,,,,,,,https://thegioihoinhap.vn/kinh-doanh/doanh-nghiep/dbscl-van-con-tam-ly-so-covid-19-nhieu-cong-nhan-khong-di-lam/,
," DN hàng không, vận tải kho bãi, du lịch… được vay hỗ trợ lãi suất 2%/năm ",,,,,,,,https://thegioihoinhap.vn/kinh-doanh/doanh-nghiep/ba-vu-dang-hai-yen-thay-ong-trinh-van-quyet-dieu-hanh-flc-va-bamboo-airways/,
, Giá trứng gia cầm lại nhấp nhổm tăng ,,,,,,,,https://thegioihoinhap.vn/tiep-thi-4-0/vcci-de-xuat-bo-quy-dinh-san-tmdt-ke-khai-nop-thue-thay-nguoi-ban/,
, Giá trứng gia cầm lại nhấp nhổm tăng ,,,,,,,,https://thegioihoinhap.vn/tiep-thi-4-0/dai-su-phan-chi-thanh-tham-gian-hang-dn-hvnclc-tai-thaifex-2022/,
, Giá trứng gia cầm lại nhấp nhổm tăng ,,,,,,,,https://thegioihoinhap.vn/tiep-thi-4-0/chang-quan-quan-3-ngay-ban-het-1-tan-tuong-ot-hoa-thanh-que/,
, Giá trứng gia cầm lại nhấp nhổm tăng ,,,,,,,,https://thegioihoinhap.vn/tiep-thi-4-0/malaysia-ngung-xuat-khau-ga-thit-de-binh-on-gia-trong-nuoc/,
, Giá trứng gia cầm lại nhấp nhổm tăng ,,,,,,,,https://thegioihoinhap.vn/tiep-thi-4-0/central-retail-se-tieu-thu-1-000-tan-vai-thieu-luc-ngan/,
, Giá trứng gia cầm lại nhấp nhổm tăng ,,,,,,,,https://thegioihoinhap.vn/tiep-thi-4-0/tiep-thi-so/gia-gas-duoc-du-bao-tiep-tuc-tang-trong-thang-4/,
, Giá trứng gia cầm lại nhấp nhổm tăng ,,,,,,,,https://thegioihoinhap.vn/tiep-thi-4-0/tiep-thi-so/gia-xang-dau-giam-nho-giot/,
, Giá trứng gia cầm lại nhấp nhổm tăng ,,,,,,,,https://thegioihoinhap.vn/tiep-thi-4-0/tiep-thi-so/gia-xang-dau-co-the-giam-manh/,
, Giá trứng gia cầm lại nhấp nhổm tăng ,,,,,,,,https://thegioihoinhap.vn/tiep-thi-4-0/tiep-thi-so/sieu-thi-tim-cach-kim-con-bao-gia-de-giu-khach-hang/,
, Giá trứng gia cầm lại nhấp nhổm tăng ,,,,,,,,https://thegioihoinhap.vn/tiep-thi-4-0/tiep-thi-so/bao-gia-theo-gia-xang/,
," Facebook, Google, Microsoft đã nộp hơn 5.111 tỷ tiền thuế cho Việt Nam ",,,,,,,,https://thegioihoinhap.vn/cong-nghe/airbnb-ngung-hoat-dong-tai-trung-quoc/,
," Facebook, Google, Microsoft đã nộp hơn 5.111 tỷ tiền thuế cho Việt Nam ",,,,,,,,https://thegioihoinhap.vn/cong-nghe/apple-uu-tien-chon-viet-nam-lam-noi-san-xuat-iphone-macbook/,
," Facebook, Google, Microsoft đã nộp hơn 5.111 tỷ tiền thuế cho Việt Nam ",,,,,,,,https://thegioihoinhap.vn/cong-nghe/apple-tim-cach-thuc-day-san-xuat-ben-ngoai-trung-quoc/,
," Facebook, Google, Microsoft đã nộp hơn 5.111 tỷ tiền thuế cho Việt Nam ",,,,,,,,https://thegioihoinhap.vn/cong-nghe/canada-loai-san-pham-cua-huawei-zte-khoi-mang-5g/,
," Facebook, Google, Microsoft đã nộp hơn 5.111 tỷ tiền thuế cho Việt Nam ",,,,,,,,https://thegioihoinhap.vn/cong-nghe/iphone-14-co-the-chinh-thuc-ra-mat-vao-ngay-13-9/,
," Facebook, Google, Microsoft đã nộp hơn 5.111 tỷ tiền thuế cho Việt Nam ",,,,,,,,https://thegioihoinhap.vn/cong-nghe/elon-musk-neu-dieu-kien-de-tiep-tuc-thoa-thuan-mua-lai-twitter/,
," Tín dụng tăng, lãi suất tăng, khó kìm lạm phát ",,,,,,,,https://thegioihoinhap.vn/kinh-doanh/tai-chinh-bds/vn-index-tang-soc-hon-56-diem/,
," Tín dụng tăng, lãi suất tăng, khó kìm lạm phát ",,,,,,,,https://thegioihoinhap.vn/kinh-doanh/tai-chinh-bds/chung-khoan-da-boc-hoi-hon-52-ty-usd/,
," Tín dụng tăng, lãi suất tăng, khó kìm lạm phát ",,,,,,,,https://thegioihoinhap.vn/kinh-doanh/tai-chinh-bds/bo-tai-chinh-thanh-tra-cac-cong-ty-chung-khoan-va-kiem-toan/,
," Tín dụng tăng, lãi suất tăng, khó kìm lạm phát ",,,,,,,,https://thegioihoinhap.vn/kinh-doanh/tai-chinh-bds/ubnd-tp-hcm-chi-dao-khan-giai-cuu-38-du-an-bat-dong-san/,
," Tín dụng tăng, lãi suất tăng, khó kìm lạm phát ",,,,,,,,https://thegioihoinhap.vn/kinh-doanh/tai-chinh-bds/nhieu-nuoc-chau-a-ap-thue-de-ha-nhiet-thi-truong-bat-dong-san/,
, Giá trứng gia cầm lại nhấp nhổm tăng ,,,,,,,,https://thegioihoinhap.vn/tiep-thi-4-0/chuyen-tiep-thi/khach-thaifex-thich-thu-voi-nhung-san-pham-vi-su-song-den-tu-viet-nam/,
, Giá trứng gia cầm lại nhấp nhổm tăng ,,,,,,,,https://thegioihoinhap.vn/magazine/nuoc-my-lam-vao-tinh-canh-khan-hiem-nghiem-trong-sua-bot-cho-tre-em/,
," Facebook, Google, Microsoft đã nộp hơn 5.111 tỷ tiền thuế cho Việt Nam ",,,,,,,,https://thegioihoinhap.vn/cong-nghe/elon-musk-quan-tam-san-xuat-pin-xe-dien-o-indonesia/,
," Facebook, Google, Microsoft đã nộp hơn 5.111 tỷ tiền thuế cho Việt Nam ",,,,,,,,https://thegioihoinhap.vn/cong-nghe/elon-musk-tam-hoan-thoa-thuan-mua-lai-twitter/,
," Facebook, Google, Microsoft đã nộp hơn 5.111 tỷ tiền thuế cho Việt Nam ",,,,,,,,https://thegioihoinhap.vn/cong-nghe/east-ventures-huy-dong-550-trieu-usd-cho-cac-start-up-o-indonesia/,
," Facebook, Google, Microsoft đã nộp hơn 5.111 tỷ tiền thuế cho Việt Nam ",,,,,,,,https://thegioihoinhap.vn/cong-nghe/startup-tiep-tuc-hut-von-dau-tu/,
," Tín dụng tăng, lãi suất tăng, khó kìm lạm phát ",,,,,,,,https://thegioihoinhap.vn/kinh-doanh/tai-chinh-bds/gia-usd-tang-soc-len-24-000-dong-moi-usd/,
, Người Thái cũng thích ăn gạo Việt ,,,,,,,,https://thegioihoinhap.vn/nong-nghiep-4-0/nguoi-thai-cung-thich-an-gao-viet/,
, Người Thái cũng thích ăn gạo Việt ,,,,,,,,https://thegioihoinhap.vn/nong-nghiep-4-0/bo-tai-chinh-de-xuat-mot-muc-thue-xuat-khau-5-voi-mat-hang-phan-bon/,
, Người Thái cũng thích ăn gạo Việt ,,,,,,,,https://thegioihoinhap.vn/nong-nghiep-4-0/xuat-nhap-khau/thoi-co-de-dn-xuat-khau-viet-nam-tham-nhap-thi-truong-malaysia/,
, Người Thái cũng thích ăn gạo Việt ,,,,,,,,https://thegioihoinhap.vn/nong-nghiep-4-0/xuat-nhap-khau/the-gioi-kho-khan-viet-nam-tang-xuat-khau-luong-thuc/,
, Người Thái cũng thích ăn gạo Việt ,,,,,,,,https://thegioihoinhap.vn/nong-nghiep-4-0/mekong-connect/hinh-hai-sieu-trung-tam-nong-san-tay-do/,
, Người Thái cũng thích ăn gạo Việt ,,,,,,,,https://thegioihoinhap.vn/nong-nghiep-4-0/mekong-connect/khu-vuc-dbscl-chi-chiem-7-duong-cao-toc-cua-ca-nuoc/,
, Người Thái cũng thích ăn gạo Việt ,,,,,,,,https://thegioihoinhap.vn/nong-nghiep-4-0/xuat-nhap-khau/gia-gao-xuat-khau-tang-len-muc-cao-nhat-ke-tu-dau-nam/,
, Người Thái cũng thích ăn gạo Việt ,,,,,,,,https://thegioihoinhap.vn/nong-nghiep-4-0/xuat-nhap-khau/diem-thong-quan-nong-san-lon-nhat-quang-ninh-hoat-dong-tro-lai/,
, Người Thái cũng thích ăn gạo Việt ,,,,,,,,https://thegioihoinhap.vn/nong-nghiep-4-0/nhieu-nuoc-dua-an-ninh-luong-thuc-vao-nghi-trinh-quan-trong-hang-dau/,
, Người Thái cũng thích ăn gạo Việt ,,,,,,,,https://thegioihoinhap.vn/magazine/bua-com-gao-nuoc-man-o-htx/,
, Người Thái cũng thích ăn gạo Việt ,,,,,,,,https://thegioihoinhap.vn/nong-nghiep-4-0/khoi-nghiep-bang-tu-duy-giai-quyet-cai-thi-truong-dang-can/,
, Người Thái cũng thích ăn gạo Việt ,,,,,,,,https://thegioihoinhap.vn/nong-nghiep-4-0/xuat-nhap-khau/trung-quoc-neu-dieu-kien-de-vai-thieu-bac-giang-duoc-thong-quan/,
, Người Thái cũng thích ăn gạo Việt ,,,,,,,,https://thegioihoinhap.vn/nong-nghiep-4-0/nhoc-nhan-tim-vi-the-gao-viet/,
, Người Thái cũng thích ăn gạo Việt ,,,,,,,,https://thegioihoinhap.vn/nong-nghiep-4-0/nong-nghiep-ket-trong-the-kho/,
, Người Thái cũng thích ăn gạo Việt ,,,,,,,,https://thegioihoinhap.vn/nong-nghiep-4-0/tieu-chuan-va-hoi-nhap/19-nha-may-che-bien-ca-tra-duoc-fsis-cong-nhan-xuat-khau-vao-my/,
, Người Thái cũng thích ăn gạo Việt ,,,,,,,,https://thegioihoinhap.vn/nong-nghiep-4-0/xuat-nhap-khau/cac-nha-xuat-khau-gao-thai-lan-lo-gia-gao-tang/,
, Người Thái cũng thích ăn gạo Việt ,,,,,,,,https://thegioihoinhap.vn/nong-nghiep-4-0/mekong-connect/thanh-lap-hoi-nganh-hang-sen-dong-thap/,
, Người Thái cũng thích ăn gạo Việt ,,,,,,,,https://thegioihoinhap.vn/nong-nghiep-4-0/mekong-connect/vay-von-khong-tai-san-the-chap-giai-phap-cho-dn-nho-va-vua-dbscl/,
, Lỗi ‘chuyện ấy’ sau mắc Covid-19? ,,,,,,,,https://thegioihoinhap.vn/magazine/loi-chuyen-ay-sau-mac-covid-19/,
, Lỗi ‘chuyện ấy’ sau mắc Covid-19? ,,,,,,,,https://thegioihoinhap.vn/magazine/morton-mower-che-may-tro-tim-bat-chap-gato/,
, Lỗi ‘chuyện ấy’ sau mắc Covid-19? ,,,,,,,,https://thegioihoinhap.vn/magazine/chuyen-kho-tin-giup-nu-chuyen-gioi-co-bau/,
, Lỗi ‘chuyện ấy’ sau mắc Covid-19? ,,,,,,,,https://thegioihoinhap.vn/magazine/ts-bui-tran-phuong-lam-nguoi-bay-gio-kho-hon-xua-nhieu/,
, Người Thái cũng thích ăn gạo Việt ,,,,,,,,https://thegioihoinhap.vn/nong-nghiep-4-0/dau-co-malaysia-huong-loi-tu-su-bat-on-chinh-sach-cua-indonesia/,
, Người Thái cũng thích ăn gạo Việt ,,,,,,,,https://thegioihoinhap.vn/nong-nghiep-4-0/binh-thuan-lang-nghe-nuoc-mam-truyen-thong-nguy-co-treo-leu/,
, Lỗi ‘chuyện ấy’ sau mắc Covid-19? ,,,,,,,,https://thegioihoinhap.vn/loi-song/suc-khoe-y-te/who-lo-ngai-ve-o-dich-dau-mua-khi-bung-phat/,
, Lỗi ‘chuyện ấy’ sau mắc Covid-19? ,,,,,,,,https://thegioihoinhap.vn/magazine/he-tham-xu-duoi-day-dia-cau/,
, Lỗi ‘chuyện ấy’ sau mắc Covid-19? ,,,,,,,,https://thegioihoinhap.vn/magazine/kiem-soat-nang-luong-de-tim-an-lac/,
, Lỗi ‘chuyện ấy’ sau mắc Covid-19? ,,,,,,,,https://thegioihoinhap.vn/magazine/mot-thoi-tu%cc%a3-so-nu%cc%83-thua%cc%a3n-duc-o-cho-lon/,
, Lỗi ‘chuyện ấy’ sau mắc Covid-19? ,,,,,,,,https://thegioihoinhap.vn/magazine/maika-hay-em-va-trinh-se-la-phim-tram-ty/,
, Thời cơ để DN xuất khẩu Việt Nam thâm nhập thị trường Malaysia ,,,,,,,,https://thegioihoinhap.vn/nong-nghiep-4-0/xuat-nhap-khau/thoi-co-de-dn-xuat-khau-viet-nam-tham-nhap-thi-truong-malaysia/,
, Thời cơ để DN xuất khẩu Việt Nam thâm nhập thị trường Malaysia ,,,,,,,,https://thegioihoinhap.vn/nong-nghiep-4-0/xuat-nhap-khau/the-gioi-kho-khan-viet-nam-tang-xuat-khau-luong-thuc/,
, Thời cơ để DN xuất khẩu Việt Nam thâm nhập thị trường Malaysia ,,,,,,,,https://thegioihoinhap.vn/nong-nghiep-4-0/xuat-nhap-khau/gia-gao-xuat-khau-tang-len-muc-cao-nhat-ke-tu-dau-nam/,
, Lỗi ‘chuyện ấy’ sau mắc Covid-19? ,,,,,,,,https://thegioihoinhap.vn/magazine/loi-chuyen-ay-sau-mac-covid-19/,
, Lỗi ‘chuyện ấy’ sau mắc Covid-19? ,,,,,,,,https://thegioihoinhap.vn/magazine/morton-mower-che-may-tro-tim-bat-chap-gato/,
, Lỗi ‘chuyện ấy’ sau mắc Covid-19? ,,,,,,,,https://thegioihoinhap.vn/magazine/chuyen-kho-tin-giup-nu-chuyen-gioi-co-bau/,
, Lỗi ‘chuyện ấy’ sau mắc Covid-19? ,,,,,,,,https://thegioihoinhap.vn/loi-song/suc-khoe-y-te/who-lo-ngai-ve-o-dich-dau-mua-khi-bung-phat/,
, Hình hài siêu trung tâm nông sản Tây Đô ,,,,,,,,https://thegioihoinhap.vn/nong-nghiep-4-0/mekong-connect/hinh-hai-sieu-trung-tam-nong-san-tay-do/,
, Hình hài siêu trung tâm nông sản Tây Đô ,,,,,,,,https://thegioihoinhap.vn/nong-nghiep-4-0/mekong-connect/khu-vuc-dbscl-chi-chiem-7-duong-cao-toc-cua-ca-nuoc/,
, Hình hài siêu trung tâm nông sản Tây Đô ,,,,,,,,https://thegioihoinhap.vn/nong-nghiep-4-0/mekong-connect/thanh-lap-hoi-nganh-hang-sen-dong-thap/,
, Lỗi ‘chuyện ấy’ sau mắc Covid-19? ,,,,,,,,https://thegioihoinhap.vn/magazine/hoc-duong-thieu-chuc-nang-xa-hoi-hoa/,
, Lỗi ‘chuyện ấy’ sau mắc Covid-19? ,,,,,,,,https://thegioihoinhap.vn/magazine/tu-sat-nhung-chuyen-chua-noi-het/,
, Lỗi ‘chuyện ấy’ sau mắc Covid-19? ,,,,,,,,https://thegioihoinhap.vn/magazine/sau-cao-trao-cua-cam-xuc-dung-lang-quen-ho/,
, Lỗi ‘chuyện ấy’ sau mắc Covid-19? ,,,,,,,,https://thegioihoinhap.vn/magazine/ham-y-trong-mam-tan-thoi/,
, Lỗi ‘chuyện ấy’ sau mắc Covid-19? ,,,,,,,,https://thegioihoinhap.vn/magazine/nft-vu-khi-chong-xam-pham-ban-quyen-phim-anh/,
, Lỗi ‘chuyện ấy’ sau mắc Covid-19? ,,,,,,,,https://thegioihoinhap.vn/magazine/trai-tim-thu-nho-co-hoi-song-cho-hang-trieu-nguoi/,
, 19 nhà máy chế biến cá tra được FSIS công nhận xuất khẩu vào Mỹ ,,,,,,,,https://thegioihoinhap.vn/nong-nghiep-4-0/tieu-chuan-va-hoi-nhap/19-nha-may-che-bien-ca-tra-duoc-fsis-cong-nhan-xuat-khau-vao-my/,
, 19 nhà máy chế biến cá tra được FSIS công nhận xuất khẩu vào Mỹ ,,,,,,,,https://thegioihoinhap.vn/nong-nghiep-4-0/tieu-chuan-va-hoi-nhap/mo-hinh-tom-lua-song-khoe-o-vung-man/,
, 19 nhà máy chế biến cá tra được FSIS công nhận xuất khẩu vào Mỹ ,,,,,,,,https://thegioihoinhap.vn/magazine/di-duong-xa-voi-tieu-chuan/,
, Thời cơ để DN xuất khẩu Việt Nam thâm nhập thị trường Malaysia ,,,,,,,,https://thegioihoinhap.vn/nong-nghiep-4-0/xuat-nhap-khau/diem-thong-quan-nong-san-lon-nhat-quang-ninh-hoat-dong-tro-lai/,
, Thời cơ để DN xuất khẩu Việt Nam thâm nhập thị trường Malaysia ,,,,,,,,https://thegioihoinhap.vn/nong-nghiep-4-0/xuat-nhap-khau/trung-quoc-neu-dieu-kien-de-vai-thieu-bac-giang-duoc-thong-quan/,
, Thời cơ để DN xuất khẩu Việt Nam thâm nhập thị trường Malaysia ,,,,,,,,https://thegioihoinhap.vn/nong-nghiep-4-0/xuat-nhap-khau/cac-nha-xuat-khau-gao-thai-lan-lo-gia-gao-tang/,
, Lỗi ‘chuyện ấy’ sau mắc Covid-19? ,,,,,,,,https://thegioihoinhap.vn/magazine/trai-tim-thu-nho-co-hoi-song-cho-hang-trieu-nguoi/,
, Lỗi ‘chuyện ấy’ sau mắc Covid-19? ,,,,,,,,https://thegioihoinhap.vn/loi-song/suc-khoe-y-te/who-co-the-khong-can-tiem-chung-dien-rong-voi-benh-dau-mua-khi/,
, Lỗi ‘chuyện ấy’ sau mắc Covid-19? ,,,,,,,,https://thegioihoinhap.vn/loi-song/suc-khoe-y-te/anh-xac-nhan-dau-mua-khi-lay-trong-cong-dong/,
, Lỗi ‘chuyện ấy’ sau mắc Covid-19? ,,,,,,,,https://thegioihoinhap.vn/loi-song/suc-khoe-y-te/who-keu-goi-hop-khan-vi-benh-dau-mua-khi-bung-phat/,
, Lỗi ‘chuyện ấy’ sau mắc Covid-19? ,,,,,,,,https://thegioihoinhap.vn/loi-song/suc-khoe-y-te/who-mui-vac-xin-covid-19-thu-4-bao-ve-tot-cho-nguoi-nguy-co-cao/,
, Lỗi ‘chuyện ấy’ sau mắc Covid-19? ,,,,,,,,https://thegioihoinhap.vn/loi-song/suc-khoe-y-te/who-tim-hieu-su-lien-he-giua-covid-19-va-benh-viem-gan-bi-an-o-tre-em/,
, Hình hài siêu trung tâm nông sản Tây Đô ,,,,,,,,https://thegioihoinhap.vn/nong-nghiep-4-0/mekong-connect/vay-von-khong-tai-san-the-chap-giai-phap-cho-dn-nho-va-vua-dbscl/,
, Hình hài siêu trung tâm nông sản Tây Đô ,,,,,,,,https://thegioihoinhap.vn/nong-nghiep-4-0/mekong-connect/cuu-dong-bang-song-cuu-long-dang-chim/,
, Hình hài siêu trung tâm nông sản Tây Đô ,,,,,,,,https://thegioihoinhap.vn/nong-nghiep-4-0/mekong-connect/dbscl-gia-ca-tra-nguyen-lieu-tiep-tuc-tang-cao/,
, Hình hài siêu trung tâm nông sản Tây Đô ,,,,,,,,https://thegioihoinhap.vn/nong-nghiep-4-0/mekong-connect/canh-dong-lon-co-nguy-co-giua-duong-dut-ganh/,
, Hình hài siêu trung tâm nông sản Tây Đô ,,,,,,,,https://thegioihoinhap.vn/nong-nghiep-4-0/mekong-connect/nui-nuoc-bat-thuong-tren-song-mekong/,
, Hình hài siêu trung tâm nông sản Tây Đô ,,,,,,,,https://thegioihoinhap.vn/magazine/tomgoxy-qua-loi-hai/,
, Hình hài siêu trung tâm nông sản Tây Đô ,,,,,,,,https://thegioihoinhap.vn/nong-nghiep-4-0/mekong-connect/trai-tim-mekong-roi-nhip/,
, Lỗi ‘chuyện ấy’ sau mắc Covid-19? ,,,,,,,,https://thegioihoinhap.vn/magazine/nghe-gi-viec-nhe-luong-nang/,
, Lỗi ‘chuyện ấy’ sau mắc Covid-19? ,,,,,,,,https://thegioihoinhap.vn/magazine/nho-nha-ngay-tro-lai-cho-eden/,
, Lỗi ‘chuyện ấy’ sau mắc Covid-19? ,,,,,,,,https://thegioihoinhap.vn/loi-song/suc-khoe-y-te/who-co-the-khong-can-tiem-chung-dien-rong-voi-benh-dau-mua-khi/,
, Lỗi ‘chuyện ấy’ sau mắc Covid-19? ,,,,,,,,https://thegioihoinhap.vn/loi-song/suc-khoe-y-te/anh-xac-nhan-dau-mua-khi-lay-trong-cong-dong/,
, Lỗi ‘chuyện ấy’ sau mắc Covid-19? ,,,,,,,,https://thegioihoinhap.vn/loi-song/suc-khoe-y-te/who-keu-goi-hop-khan-vi-benh-dau-mua-khi-bung-phat/,
, 19 nhà máy chế biến cá tra được FSIS công nhận xuất khẩu vào Mỹ ,,,,,,,,https://thegioihoinhap.vn/magazine/lam-san-pham-huu-co-vao-nhat-ban-khong-qua-kho/,
, 19 nhà máy chế biến cá tra được FSIS công nhận xuất khẩu vào Mỹ ,,,,,,,,https://thegioihoinhap.vn/nong-nghiep-4-0/tieu-chuan-va-hoi-nhap/truc-tiep-chinh-phuc-tieu-chuan-organic-jas-loi-the-ket-noi-thi-truong-nhat/,
, 19 nhà máy chế biến cá tra được FSIS công nhận xuất khẩu vào Mỹ ,,,,,,,,https://thegioihoinhap.vn/nong-nghiep-4-0/tieu-chuan-va-hoi-nhap/toa-dam-chinh-phuc-tieu-chuan-organic-jas-loi-the-ket-noi-thi-truong-nhat/,
, 19 nhà máy chế biến cá tra được FSIS công nhận xuất khẩu vào Mỹ ,,,,,,,,https://thegioihoinhap.vn/nong-nghiep-4-0/tieu-chuan-va-hoi-nhap/thai-lan-phat-trien-12-giong-lua-moi-de-thuc-day-xuat-khau-gao/,
, 19 nhà máy chế biến cá tra được FSIS công nhận xuất khẩu vào Mỹ ,,,,,,,,https://thegioihoinhap.vn/nong-nghiep-4-0/tieu-chuan-va-hoi-nhap/bo-booth-viet-nam-ban-tai-uc-gia-120-000-dong-kg/,
, 19 nhà máy chế biến cá tra được FSIS công nhận xuất khẩu vào Mỹ ,,,,,,,,https://thegioihoinhap.vn/nong-nghiep-4-0/tieu-chuan-va-hoi-nhap/trai-buoi-viet-nam-sap-duoc-xuat-khau-sang-thi-truong-my/,
, Thời cơ để DN xuất khẩu Việt Nam thâm nhập thị trường Malaysia ,,,,,,,,https://thegioihoinhap.vn/nong-nghiep-4-0/xuat-nhap-khau/doanh-nghiep-than-trong-voi-trang-web-gia-mao-doi-tac-ha-lan/,
, Thời cơ để DN xuất khẩu Việt Nam thâm nhập thị trường Malaysia ,,,,,,,,https://thegioihoinhap.vn/nong-nghiep-4-0/xuat-nhap-khau/gia-gao-viet-nam-thap-hon-gao-thai-lan-30-usd-tan/,
, Thời cơ để DN xuất khẩu Việt Nam thâm nhập thị trường Malaysia ,,,,,,,,https://thegioihoinhap.vn/nong-nghiep-4-0/xuat-nhap-khau/xuat-khau-thuy-san-tang-gan-44/,
, Thời cơ để DN xuất khẩu Việt Nam thâm nhập thị trường Malaysia ,,,,,,,,https://thegioihoinhap.vn/nong-nghiep-4-0/xuat-nhap-khau/xuat-khau-2-000-tan-tom-hum-chinh-ngach-sang-trung-quoc/,
, Thời cơ để DN xuất khẩu Việt Nam thâm nhập thị trường Malaysia ,,,,,,,,https://thegioihoinhap.vn/nong-nghiep-4-0/xuat-nhap-khau/xuat-khau-thuy-san-sang-eu-thi-truong-50-ty-usd/,
, Thời cơ để DN xuất khẩu Việt Nam thâm nhập thị trường Malaysia ,,,,,,,,https://thegioihoinhap.vn/nong-nghiep-4-0/xuat-nhap-khau/xuat-khau-thuy-san-sang-thi-truong-trung-quoc-hoi-phuc/,
, Lỗi ‘chuyện ấy’ sau mắc Covid-19? ,,,,,,,,https://thegioihoinhap.vn/loi-song/suc-khoe-y-te/indonesia-xac-dinh-15-ca-viem-gan-bi-an-sau-3-ca-tu-vong-o-tre/,
, Lỗi ‘chuyện ấy’ sau mắc Covid-19? ,,,,,,,,https://thegioihoinhap.vn/loi-song/suc-khoe-y-te/who-canh-bao-ve-kha-nang-lay-nhiem-cua-3-bien-the-omicron-moi/,
, Lỗi ‘chuyện ấy’ sau mắc Covid-19? ,,,,,,,,https://thegioihoinhap.vn/magazine/dung-cho-ngui-mui-chan-benh-cho-nguoi/,
, Lỗi ‘chuyện ấy’ sau mắc Covid-19? ,,,,,,,,https://thegioihoinhap.vn/magazine/giup-tre-vuot-qua-hau-covid-19/,
, Lỗi ‘chuyện ấy’ sau mắc Covid-19? ,,,,,,,,https://thegioihoinhap.vn/magazine/dung-hay-sai-nen-thom-gay-hai-cho-suc-khoe/,
, Lỗi ‘chuyện ấy’ sau mắc Covid-19? ,,,,,,,,https://thegioihoinhap.vn/magazine/gia-hoa-vi-can-benh-cuc-hiem/,
, TS Bùi Trân Phượng: Làm người bây giờ khó hơn xưa nhiều ,,,,,,,,https://thegioihoinhap.vn/magazine/ts-bui-tran-phuong-lam-nguoi-bay-gio-kho-hon-xua-nhieu/,
, TS Bùi Trân Phượng: Làm người bây giờ khó hơn xưa nhiều ,,,,,,,,https://thegioihoinhap.vn/magazine/kiem-soat-nang-luong-de-tim-an-lac/,
, TS Bùi Trân Phượng: Làm người bây giờ khó hơn xưa nhiều ,,,,,,,,https://thegioihoinhap.vn/magazine/mot-thoi-tu%cc%a3-so-nu%cc%83-thua%cc%a3n-duc-o-cho-lon/,
, TS Bùi Trân Phượng: Làm người bây giờ khó hơn xưa nhiều ,,,,,,,,https://thegioihoinhap.vn/magazine/maika-hay-em-va-trinh-se-la-phim-tram-ty/,
, Hè thăm ‘xứ dưới đáy địa cầu’ ,,,,,,,,https://thegioihoinhap.vn/magazine/he-tham-xu-duoi-day-dia-cau/,
, Hè thăm ‘xứ dưới đáy địa cầu’ ,,,,,,,,https://thegioihoinhap.vn/magazine/ham-y-trong-mam-tan-thoi/,
, Hè thăm ‘xứ dưới đáy địa cầu’ ,,,,,,,,https://thegioihoinhap.vn/magazine/nghe-gi-viec-nhe-luong-nang/,
, Hè thăm ‘xứ dưới đáy địa cầu’ ,,,,,,,,https://thegioihoinhap.vn/magazine/nho-nha-ngay-tro-lai-cho-eden/,
, Hình hài siêu trung tâm nông sản Tây Đô ,,,,,,,,https://thegioihoinhap.vn/nong-nghiep-4-0/mekong-connect/dbscl-trai-cay-di-dau-ve-dau/,
, Hình hài siêu trung tâm nông sản Tây Đô ,,,,,,,,https://thegioihoinhap.vn/nong-nghiep-4-0/mekong-connect/canh-bao-xam-nhap-man-nhieu-noi-do-man-vao-sau-45-65-km/,
, Hình hài siêu trung tâm nông sản Tây Đô ,,,,,,,,https://thegioihoinhap.vn/nong-nghiep-4-0/mekong-connect/hat-gao-vuot-qua-song-gio-tiep-tuc-la-tru-do-cua-nong-nghiep/,
, Hình hài siêu trung tâm nông sản Tây Đô ,,,,,,,,https://thegioihoinhap.vn/nong-nghiep-4-0/mekong-connect/mekong-connect-2021-can-trung-tam-tich-hop-san-xuat-logistics-cho-dbscl/,
, Hình hài siêu trung tâm nông sản Tây Đô ,,,,,,,,https://thegioihoinhap.vn/nong-nghiep-4-0/mekong-connect/nhan-luc-cho-dbscl-bai-toan-phai-giai-tu-goc-do-kinh-te/,
, 19 nhà máy chế biến cá tra được FSIS công nhận xuất khẩu vào Mỹ ,,,,,,,,https://thegioihoinhap.vn/nong-nghiep-4-0/tieu-chuan-va-hoi-nhap/thanh-long-binh-thuan-chinh-thuc-duoc-nhat-ban-cong-nhan-bao-ho-dan-dia-ly/,
, 19 nhà máy chế biến cá tra được FSIS công nhận xuất khẩu vào Mỹ ,,,,,,,,https://thegioihoinhap.vn/nong-nghiep-4-0/tieu-chuan-va-hoi-nhap/nguoi-nong-dan-chi-lam-dieu-gi-moi-neu-ho-tin-rang-moi-thu-se-on-dung-thuc-ep-ho/,
, 19 nhà máy chế biến cá tra được FSIS công nhận xuất khẩu vào Mỹ ,,,,,,,,https://thegioihoinhap.vn/nong-nghiep-4-0/tieu-chuan-va-hoi-nhap/gia-dinh-ong-ho-quang-cua-de-nghi-bao-ve-thuong-hieu-gao-st24-st25/,
, 19 nhà máy chế biến cá tra được FSIS công nhận xuất khẩu vào Mỹ ,,,,,,,,https://thegioihoinhap.vn/nong-nghiep-4-0/tieu-chuan-va-hoi-nhap/dat-chung-nhan-chuan-hoi-nhap-roi-phai-lam-gi/,
, 19 nhà máy chế biến cá tra được FSIS công nhận xuất khẩu vào Mỹ ,,,,,,,,https://thegioihoinhap.vn/nong-nghiep-4-0/tieu-chuan-va-hoi-nhap/kho-qua-vay-roi-co-lam-tieu-chuan-noi-khong/,
, Thời cơ để DN xuất khẩu Việt Nam thâm nhập thị trường Malaysia ,,,,,,,,https://thegioihoinhap.vn/nong-nghiep-4-0/xuat-nhap-khau/nong-san-thuc-pham-rong-duong-sang-algeria/,
, Thời cơ để DN xuất khẩu Việt Nam thâm nhập thị trường Malaysia ,,,,,,,,https://thegioihoinhap.vn/nong-nghiep-4-0/xuat-nhap-khau/trai-cay-thoat-canh-gia-san-nhung-chua-the-lac-quan/,
, Thời cơ để DN xuất khẩu Việt Nam thâm nhập thị trường Malaysia ,,,,,,,,https://thegioihoinhap.vn/nong-nghiep-4-0/xuat-nhap-khau/xuat-khau-thuy-san-ghi-nhan-con-so-ky-luc/,
, Thời cơ để DN xuất khẩu Việt Nam thâm nhập thị trường Malaysia ,,,,,,,,https://thegioihoinhap.vn/nong-nghiep-4-0/xuat-nhap-khau/ca-tra-ca-ba-sa-them-co-hoi-vao-thi-truong-anh/,
, Thời cơ để DN xuất khẩu Việt Nam thâm nhập thị trường Malaysia ,,,,,,,,https://thegioihoinhap.vn/nong-nghiep-4-0/xuat-nhap-khau/hang-xuat-khau-sang-tq-duoc-thong-quan-o-lao-cai-rieng-trai-cay-van-tac/,
, Thời cơ để DN xuất khẩu Việt Nam thâm nhập thị trường Malaysia ,,,,,,,,https://thegioihoinhap.vn/nong-nghiep-4-0/xuat-nhap-khau/thai-lan-tan-dung-tuyen-duong-sat-lao-trung-quoc-de-van-chuyen-trai-cay/,
, Thời cơ để DN xuất khẩu Việt Nam thâm nhập thị trường Malaysia ,,,,,,,,https://thegioihoinhap.vn/nong-nghiep-4-0/xuat-nhap-khau/thai-lan-tang-manh-nhap-khau-ca-trich-dong-hop-viet-nam/,
, Lỗi ‘chuyện ấy’ sau mắc Covid-19? ,,,,,,,,https://thegioihoinhap.vn/loi-song/suc-khoe-y-te/benh-viem-gan-cap-tinh-bi-an-o-tre-nho-da-xuat-hien-tai-dong-nam-a/,
, Lỗi ‘chuyện ấy’ sau mắc Covid-19? ,,,,,,,,https://thegioihoinhap.vn/loi-song/suc-khoe-y-te/se-bo-khai-bao-y-te-dua-covid-19-thanh-benh-thong-thuong/,
, Lỗi ‘chuyện ấy’ sau mắc Covid-19? ,,,,,,,,https://thegioihoinhap.vn/loi-song/suc-khoe-y-te/who-ra-khuyen-cao-ve-thuoc-chua-covid-19-cua-pfizer/,
, Lỗi ‘chuyện ấy’ sau mắc Covid-19? ,,,,,,,,https://thegioihoinhap.vn/loi-song/suc-khoe-y-te/genestory-cung-cap-dich-vu-giai-ma-gen-cho-nguoi-viet/,
, TS Bùi Trân Phượng: Làm người bây giờ khó hơn xưa nhiều ,,,,,,,,https://thegioihoinhap.vn/magazine/hoc-duong-thieu-chuc-nang-xa-hoi-hoa/,
, TS Bùi Trân Phượng: Làm người bây giờ khó hơn xưa nhiều ,,,,,,,,https://thegioihoinhap.vn/magazine/tu-sat-nhung-chuyen-chua-noi-het/,
, TS Bùi Trân Phượng: Làm người bây giờ khó hơn xưa nhiều ,,,,,,,,https://thegioihoinhap.vn/magazine/nft-vu-khi-chong-xam-pham-ban-quyen-phim-anh/,
, TS Bùi Trân Phượng: Làm người bây giờ khó hơn xưa nhiều ,,,,,,,,https://thegioihoinhap.vn/magazine/nhung-nguoi-hung-tham-lang-trong-chien-tranh/,
, TS Bùi Trân Phượng: Làm người bây giờ khó hơn xưa nhiều ,,,,,,,,https://thegioihoinhap.vn/magazine/doc-tu-dien-hap-dan-nhu-doc-tieu-thuyet/,
, TS Bùi Trân Phượng: Làm người bây giờ khó hơn xưa nhiều ,,,,,,,,https://thegioihoinhap.vn/magazine/dua-con-tu-ky-la-mon-qua-troi-cho/,
, Hè thăm ‘xứ dưới đáy địa cầu’ ,,,,,,,,https://thegioihoinhap.vn/magazine/banh-men-lam-day-men-ky-uc/,
, Hè thăm ‘xứ dưới đáy địa cầu’ ,,,,,,,,https://thegioihoinhap.vn/magazine/banh-beo-cua-nguoi-hoi/,
, Hè thăm ‘xứ dưới đáy địa cầu’ ,,,,,,,,https://thegioihoinhap.vn/magazine/my-tho-co-xoi-xa-xiu-huong-sen/,
, Hè thăm ‘xứ dưới đáy địa cầu’ ,,,,,,,,https://thegioihoinhap.vn/magazine/tam-chuyen-voi-dau-bep-vo-quoc-ve-an-vat-sai-gon/,
, Hè thăm ‘xứ dưới đáy địa cầu’ ,,,,,,,,https://thegioihoinhap.vn/loi-song/am-thuc-du-lich/5-trieu-luot-khach-du-lich-noi-dia-trong-4-ngay-nghi-le/,
, Hè thăm ‘xứ dưới đáy địa cầu’ ,,,,,,,,https://thegioihoinhap.vn/loi-song/am-thuc-du-lich/khach-quoc-te-quay-tro-lai-viet-nam/,
, Hè thăm ‘xứ dưới đáy địa cầu’ ,,,,,,,,https://thegioihoinhap.vn/magazine/kho-bau-tren-nui-cam/,
, Hình hài siêu trung tâm nông sản Tây Đô ,,,,,,,,https://thegioihoinhap.vn/nong-nghiep-4-0/mekong-connect/lam-sao-de-20-nam-nua-chung-ta-co-mot-dong-bang-mang-thuong-hieu-the-gioi/,
, Hình hài siêu trung tâm nông sản Tây Đô ,,,,,,,,https://thegioihoinhap.vn/nong-nghiep-4-0/mekong-connect/truc-tiep-mekong-connect-2021-mo-rong-lien-ket-vung-tp-hcm-dbscl/,
, Hình hài siêu trung tâm nông sản Tây Đô ,,,,,,,,https://thegioihoinhap.vn/nong-nghiep-4-0/mekong-connect/mekong-connect-2021-tp-hcm-phai-vuot-qua-ranh-gioi-hanh-chinh-2000-km2/,
, Hình hài siêu trung tâm nông sản Tây Đô ,,,,,,,,https://thegioihoinhap.vn/nong-nghiep-4-0/mekong-connect/moi-dang-ky-tham-du-mekong-connect-2021-tai-tp-hcm/,
, Hình hài siêu trung tâm nông sản Tây Đô ,,,,,,,,https://thegioihoinhap.vn/nong-nghiep-4-0/mekong-connect/mekong-connect-2021-mo-rong-lien-ket-vung-tp-hcm-dbscl-trong-binh-thuong-moi/,
, 19 nhà máy chế biến cá tra được FSIS công nhận xuất khẩu vào Mỹ ,,,,,,,,https://thegioihoinhap.vn/nong-nghiep-4-0/tieu-chuan-va-hoi-nhap/nong-san-viet-bay-tren-doi-canh-tieu-chuan/,
, 19 nhà máy chế biến cá tra được FSIS công nhận xuất khẩu vào Mỹ ,,,,,,,,https://thegioihoinhap.vn/nong-nghiep-4-0/tieu-chuan-va-hoi-nhap/nhung-neo-duong-tieu-chuan/,
, 19 nhà máy chế biến cá tra được FSIS công nhận xuất khẩu vào Mỹ ,,,,,,,,https://thegioihoinhap.vn/nong-nghiep-4-0/lao-nong-can-tho-dua-thanh-nhan-xuat-ngoai/,
, 19 nhà máy chế biến cá tra được FSIS công nhận xuất khẩu vào Mỹ ,,,,,,,,https://thegioihoinhap.vn/nong-nghiep-4-0/13-du-an-bang-b-vao-chung-ket-cuoc-thi-du-an-khoi-nghiep-2021/,
, 19 nhà máy chế biến cá tra được FSIS công nhận xuất khẩu vào Mỹ ,,,,,,,,https://thegioihoinhap.vn/nong-nghiep-4-0/tieu-chuan-va-hoi-nhap/chuyen-doi-so-se-giup-nong-nghiep-khac-phuc-diem-yeu-nho-le-manh-mun/,
, Thời cơ để DN xuất khẩu Việt Nam thâm nhập thị trường Malaysia ,,,,,,,,https://thegioihoinhap.vn/nong-nghiep-4-0/xuat-nhap-khau/thai-lan-muon-cung-viet-nam-mo-lan-xanh-dua-trai-cay-vao-trung-quoc/,
, Lỗi ‘chuyện ấy’ sau mắc Covid-19? ,,,,,,,,https://thegioihoinhap.vn/magazine/loi-chuyen-ay-sau-mac-covid-19/,
, Lỗi ‘chuyện ấy’ sau mắc Covid-19? ,,,,,,,,https://thegioihoinhap.vn/magazine/morton-mower-che-may-tro-tim-bat-chap-gato/,
, Lỗi ‘chuyện ấy’ sau mắc Covid-19? ,,,,,,,,https://thegioihoinhap.vn/magazine/chuyen-kho-tin-giup-nu-chuyen-gioi-co-bau/,
, Lỗi ‘chuyện ấy’ sau mắc Covid-19? ,,,,,,,,https://thegioihoinhap.vn/magazine/ts-bui-tran-phuong-lam-nguoi-bay-gio-kho-hon-xua-nhieu/,
, TS Bùi Trân Phượng: Làm người bây giờ khó hơn xưa nhiều ,,,,,,,,https://thegioihoinhap.vn/magazine/quyen-luc-uoc-muon-vo-han-cua-con-nguoi/,
, TS Bùi Trân Phượng: Làm người bây giờ khó hơn xưa nhiều ,,,,,,,,https://thegioihoinhap.vn/magazine/dien-vien-nha-uyen-toi-da-khong-tin-co-nguoi-tot/,
, TS Bùi Trân Phượng: Làm người bây giờ khó hơn xưa nhiều ,,,,,,,,https://thegioihoinhap.vn/magazine/duong-nguye%cc%83n-tro%cc%a3ng-tuye%cc%89n-mo%cc%a3t-thoi-buon-vui/,
, TS Bùi Trân Phượng: Làm người bây giờ khó hơn xưa nhiều ,,,,,,,,https://thegioihoinhap.vn/magazine/sai-gon-bat-pho/,
, TS Bùi Trân Phượng: Làm người bây giờ khó hơn xưa nhiều ,,,,,,,,https://thegioihoinhap.vn/loi-song/van-hoa-giao-duc/no-ro-phim-ngan-tren-tiktok/,
, TS Bùi Trân Phượng: Làm người bây giờ khó hơn xưa nhiều ,,,,,,,,https://thegioihoinhap.vn/loi-song/van-hoa-giao-duc/bai-hoc-lon-tu-dich-benh-la-song-tiet-kiem-nhung-mo-het-long-yeu-thuong/,
, Hè thăm ‘xứ dưới đáy địa cầu’ ,,,,,,,,https://thegioihoinhap.vn/magazine/photo-que-huong-la-mui-cua-mam/,
, Hè thăm ‘xứ dưới đáy địa cầu’ ,,,,,,,,https://thegioihoinhap.vn/loi-song/am-thuc-du-lich/tro-lai-tham-noc-nha-chau-au/,
, Hè thăm ‘xứ dưới đáy địa cầu’ ,,,,,,,,https://thegioihoinhap.vn/loi-song/am-thuc-du-lich/cham-va-chan-tu-mam-dong-bang/,
, Hè thăm ‘xứ dưới đáy địa cầu’ ,,,,,,,,https://thegioihoinhap.vn/loi-song/am-thuc-du-lich/sa-te-mot-gia-vi-ly-khai-nguon-coi/,
, Hè thăm ‘xứ dưới đáy địa cầu’ ,,,,,,,,https://thegioihoinhap.vn/loi-song/am-thuc-du-lich/vo-quit-day-nau-an-nhon/,
, Hè thăm ‘xứ dưới đáy địa cầu’ ,,,,,,,,https://thegioihoinhap.vn/loi-song/am-thuc-du-lich/nghe-gia-vi-vang-cua-cuoc-song/,
, Đừng xem thường gia vị trong bữa ăn hàng ngày ,,,,,,,,https://thegioihoinhap.vn/loi-song/an-toan-thuc-pham/dung-xem-thuong-gia-vi-trong-bua-an-hang-ngay/,
, Đừng xem thường gia vị trong bữa ăn hàng ngày ,,,,,,,,https://thegioihoinhap.vn/loi-song/an-toan-thuc-pham/hang-tram-tan-chocolate-trung-kinder-bi-thu-hoi-o-chau-au/,
, Đừng xem thường gia vị trong bữa ăn hàng ngày ,,,,,,,,https://thegioihoinhap.vn/loi-song/an-toan-thuc-pham/canh-bao-san-pham-sua-co-nguy-co-nhiem-khuan-da-duoc-nhap-khau-ve-vn/,
, [Coming soon] Phiên chợ Organic Town – Trung tâm thực phẩm hữu cơ ,,,,,,,,https://thegioihoinhap.vn/video/coming-soon-phien-cho-organic-town-trung-tam-thuc-pham-huu-co/,
, [Coming soon] Phiên chợ Organic Town – Trung tâm thực phẩm hữu cơ ,,,,,,,,https://thegioihoinhap.vn/video/st25-dat-giai-gao-ngon-nhat-viet-nam-2020/,
, [Coming soon] Phiên chợ Organic Town – Trung tâm thực phẩm hữu cơ ,,,,,,,,https://thegioihoinhap.vn/video/banh-trang-thanh-long-cuon-ca-co-may-sot-mam-ca-phen/,
, [Coming soon] Phiên chợ Organic Town – Trung tâm thực phẩm hữu cơ ,,,,,,,,https://thegioihoinhap.vn/video/hai-san-hung-hau-dat-khach-tai-phien-cho-xanh-tu-te/,
, 19 nhà máy chế biến cá tra được FSIS công nhận xuất khẩu vào Mỹ ,,,,,,,,https://thegioihoinhap.vn/nong-nghiep-4-0/tieu-chuan-va-hoi-nhap/nhung-trai-ngot-dau-tien-tu-hiep-dinh-evfta/,
, Lỗi ‘chuyện ấy’ sau mắc Covid-19? ,,,,,,,,https://thegioihoinhap.vn/magazine/he-tham-xu-duoi-day-dia-cau/,
, Lỗi ‘chuyện ấy’ sau mắc Covid-19? ,,,,,,,,https://thegioihoinhap.vn/magazine/kiem-soat-nang-luong-de-tim-an-lac/,
, Lỗi ‘chuyện ấy’ sau mắc Covid-19? ,,,,,,,,https://thegioihoinhap.vn/magazine/mot-thoi-tu%cc%a3-so-nu%cc%83-thua%cc%a3n-duc-o-cho-lon/,
, Lỗi ‘chuyện ấy’ sau mắc Covid-19? ,,,,,,,,https://thegioihoinhap.vn/magazine/maika-hay-em-va-trinh-se-la-phim-tram-ty/,
, Lỗi ‘chuyện ấy’ sau mắc Covid-19? ,,,,,,,,https://thegioihoinhap.vn/magazine/hoc-duong-thieu-chuc-nang-xa-hoi-hoa/,
, TS Bùi Trân Phượng: Làm người bây giờ khó hơn xưa nhiều ,,,,,,,,https://thegioihoinhap.vn/loi-song/van-hoa-giao-duc/le-nguyen-phuong-gui-con-yeu-dau/,
, TS Bùi Trân Phượng: Làm người bây giờ khó hơn xưa nhiều ,,,,,,,,https://thegioihoinhap.vn/loi-song/van-hoa-giao-duc/bay-cua-toi-co-the-nong-nhung-thong-diep-thi-ven-tron/,
, TS Bùi Trân Phượng: Làm người bây giờ khó hơn xưa nhiều ,,,,,,,,https://thegioihoinhap.vn/loi-song/van-hoa-giao-duc/50-nam-tuyet-tac-bo-gia/,
, TS Bùi Trân Phượng: Làm người bây giờ khó hơn xưa nhiều ,,,,,,,,https://thegioihoinhap.vn/loi-song/van-hoa-giao-duc/gap-lai-kant-va-heidegger-o-nam-2022/,
, Hè thăm ‘xứ dưới đáy địa cầu’ ,,,,,,,,https://thegioihoinhap.vn/loi-song/am-thuc-du-lich/thao-qua-vua-ba-cac-loai-gia-vi/,
, Hè thăm ‘xứ dưới đáy địa cầu’ ,,,,,,,,https://thegioihoinhap.vn/loi-song/am-thuc-du-lich/du-lich-noi-dia-hua-hen-bung-no/,
, Hè thăm ‘xứ dưới đáy địa cầu’ ,,,,,,,,https://thegioihoinhap.vn/loi-song/am-thuc-du-lich/luong-du-khach-va-gia-tour-tang-manh-dip-le-30-4-1-5/,
, Nồng nã tương ớt Mường Khương ,,,,,,,,https://thegioihoinhap.vn/loi-song/am-thuc-du-lich/nong-na-tuong-ot-muong-khuong/,
, Nồng nã tương ớt Mường Khương ,,,,,,,,https://thegioihoinhap.vn/loi-song/am-thuc-du-lich/doc-duong-gia-vi-mien-trung/,
, Nồng nã tương ớt Mường Khương ,,,,,,,,https://thegioihoinhap.vn/loi-song/am-thuc-du-lich/nuc-qua-them-canh-chua/,
, Nồng nã tương ớt Mường Khương ,,,,,,,,https://thegioihoinhap.vn/loi-song/am-thuc-du-lich/ve-u-minh-thuong-thuc-mam-ong-non/,
, Đừng xem thường gia vị trong bữa ăn hàng ngày ,,,,,,,,https://thegioihoinhap.vn/loi-song/an-toan-thuc-pham/yeu-cau-bo-sung-gioi-han-ethylene-oxide-trong-thuc-pham/,
, Đừng xem thường gia vị trong bữa ăn hàng ngày ,,,,,,,,https://thegioihoinhap.vn/loi-song/an-toan-thuc-pham/eu-da-phat-di-690-canh-bao-lien-quan-ethylene-oxide-trong-thuc-pham/,
, Đừng xem thường gia vị trong bữa ăn hàng ngày ,,,,,,,,https://thegioihoinhap.vn/loi-song/an-toan-thuc-pham/mi-thien-huong-len-tieng-ve-san-pham-bi-thu-hoi-tai-na-uy/,
, Đừng xem thường gia vị trong bữa ăn hàng ngày ,,,,,,,,https://thegioihoinhap.vn/loi-song/an-toan-thuc-pham/bo-cong-thuong-yeu-cau-acecook-xac-minh-thong-tin-lien-quan-mi-goi-hao-hao/,
, Đừng xem thường gia vị trong bữa ăn hàng ngày ,,,,,,,,https://thegioihoinhap.vn/loi-song/an-toan-thuc-pham/mi-goi-acecook-bi-thu-hoi-tai-chau-au-khong-lien-quan-san-pham-viet-nam/,
, Đừng xem thường gia vị trong bữa ăn hàng ngày ,,,,,,,,https://thegioihoinhap.vn/loi-song/an-toan-thuc-pham/han-quoc-phat-hien-vi-khuan-nguy-hiem-tren-kim-chi-nhap-tu-trung-quoc/,
, [Coming soon] Phiên chợ Organic Town – Trung tâm thực phẩm hữu cơ ,,,,,,,,https://thegioihoinhap.vn/video/vinamit-organic/,
, [Coming soon] Phiên chợ Organic Town – Trung tâm thực phẩm hữu cơ ,,,,,,,,https://thegioihoinhap.vn/video/giot-nuoc-mam-viet-doc-chieu-dai-dat-nuoc/,
, [Coming soon] Phiên chợ Organic Town – Trung tâm thực phẩm hữu cơ ,,,,,,,,https://thegioihoinhap.vn/video/banh-cha-nhoi-pate-trung-muoi-cung-salad-cha-nam-thuy-ngon-nuc-tieng/,
, [Coming soon] Phiên chợ Organic Town – Trung tâm thực phẩm hữu cơ ,,,,,,,,https://thegioihoinhap.vn/video/khoi-nghiep-voi-dat-trong-va-phan-compost-tu-phe-pham-nong-nghiep/,
, [Coming soon] Phiên chợ Organic Town – Trung tâm thực phẩm hữu cơ ,,,,,,,,https://thegioihoinhap.vn/video/am-long-nhung-goi-chao-tuoi-sai-gon-food-noi-vung-lu-mien-trung/,
, Lỗi ‘chuyện ấy’ sau mắc Covid-19? ,,,,,,,,https://thegioihoinhap.vn/magazine/tu-sat-nhung-chuyen-chua-noi-het/,
, Lỗi ‘chuyện ấy’ sau mắc Covid-19? ,,,,,,,,https://thegioihoinhap.vn/magazine/sau-cao-trao-cua-cam-xuc-dung-lang-quen-ho/,
, Lỗi ‘chuyện ấy’ sau mắc Covid-19? ,,,,,,,,https://thegioihoinhap.vn/magazine/ham-y-trong-mam-tan-thoi/,
, Lỗi ‘chuyện ấy’ sau mắc Covid-19? ,,,,,,,,https://thegioihoinhap.vn/magazine/bua-com-gao-nuoc-man-o-htx/,
, Lỗi ‘chuyện ấy’ sau mắc Covid-19? ,,,,,,,,https://thegioihoinhap.vn/magazine/nft-vu-khi-chong-xam-pham-ban-quyen-phim-anh/,
, Lỗi ‘chuyện ấy’ sau mắc Covid-19? ,,,,,,,,https://thegioihoinhap.vn/cong-nghe/apple-nang-chat-luong-nha-cung-ung-tai-viet-nam/,
, Lỗi ‘chuyện ấy’ sau mắc Covid-19? ,,,,,,,,https://thegioihoinhap.vn/tiep-thi-4-0/chang-quan-quan-3-ngay-ban-het-1-tan-tuong-ot-hoa-thanh-que/,
, Nồng nã tương ớt Mường Khương ,,,,,,,,https://thegioihoinhap.vn/loi-song/am-thuc-du-lich/kho-toi-bao-gio-moi-quet/,
, Nồng nã tương ớt Mường Khương ,,,,,,,,https://thegioihoinhap.vn/loi-song/am-thuc-du-lich/chau-hong-vo-gao-chon-nguoi-nhai/,
, Nồng nã tương ớt Mường Khương ,,,,,,,,https://thegioihoinhap.vn/loi-song/am-thuc-du-lich/mong-ga-ba-bua-tet/,
, Nồng nã tương ớt Mường Khương ,,,,,,,,https://thegioihoinhap.vn/loi-song/am-thuc-du-lich/mua-do-mam-cua-ma/,
, Nồng nã tương ớt Mường Khương ,,,,,,,,https://thegioihoinhap.vn/loi-song/am-thuc-du-lich/chien-co-mui-mam-nen-ngon-nhat/,
, Nồng nã tương ớt Mường Khương ,,,,,,,,https://thegioihoinhap.vn/loi-song/am-thuc-du-lich/dai-nhu-mam-ca-tram-co-chung/,
, Đừng xem thường gia vị trong bữa ăn hàng ngày ,,,,,,,,https://thegioihoinhap.vn/magazine/lang-phi-thuc-pham-van-nan-toan-cau/,
, Đừng xem thường gia vị trong bữa ăn hàng ngày ,,,,,,,,https://thegioihoinhap.vn/loi-song/an-toan-thuc-pham/5-sieu-thuc-pham-quen-thuoc-nen-an-hang-ngay/,
, Đừng xem thường gia vị trong bữa ăn hàng ngày ,,,,,,,,https://thegioihoinhap.vn/loi-song/an-toan-thuc-pham/nafiqad-yeu-cau-ra-soat-san-pham-pate-minh-chay/,
, Đừng xem thường gia vị trong bữa ăn hàng ngày ,,,,,,,,https://thegioihoinhap.vn/loi-song/an-toan-thuc-pham/bo-y-te-yeu-cau-bao-cao-khan-cac-ca-nghi-ngo-doc-vi-pate-minh-chay/,
, Đừng xem thường gia vị trong bữa ăn hàng ngày ,,,,,,,,https://thegioihoinhap.vn/loi-song/an-toan-thuc-pham/cuc-an-toan-thuc-pham-len-tieng-ve-chat-gay-ung-thu-trong-sua-o-hong-kong/,
, Đừng xem thường gia vị trong bữa ăn hàng ngày ,,,,,,,,https://thegioihoinhap.vn/loi-song/an-toan-thuc-pham/hong-kong-phat-hien-9-loai-sua-bot-tre-em-co-chua-chat-gay-ung-thu/,
, [Coming soon] Phiên chợ Organic Town – Trung tâm thực phẩm hữu cơ ,,,,,,,,https://thegioihoinhap.vn/video/niem-tin-hang-viet-phat-song-ngay-9-11-2020/,
, [Coming soon] Phiên chợ Organic Town – Trung tâm thực phẩm hữu cơ ,,,,,,,,https://thegioihoinhap.vn/video/phien-cho-xanh-tu-te-tang-hon-3-600-phan-qua-tri-an-khach-hang/,
, [Coming soon] Phiên chợ Organic Town – Trung tâm thực phẩm hữu cơ ,,,,,,,,https://thegioihoinhap.vn/video/photo-song-nuoc-mua-he-phia-tay-yen-tinh/,
, [Coming soon] Phiên chợ Organic Town – Trung tâm thực phẩm hữu cơ ,,,,,,,,https://thegioihoinhap.vn/video/video-cuoc-khao-sat-hang-viet-nam-chat-luong-cao-nam-2020/,
, [Coming soon] Phiên chợ Organic Town – Trung tâm thực phẩm hữu cơ ,,,,,,,,https://thegioihoinhap.vn/video/trailer-tai-khoi-dong-kinh-doanh-hau-covid-trao-chung-nhan-hvnclc-2020/,
, [Coming soon] Phiên chợ Organic Town – Trung tâm thực phẩm hữu cơ ,,,,,,,,https://thegioihoinhap.vn/video/photo-trong-con-han-man/,
, Lỗi ‘chuyện ấy’ sau mắc Covid-19? ,,,,,,,,https://thegioihoinhap.vn/magazine/chien-tranh-giup-co-phieu-nong-nghiep-khoi-sac/,
, Lỗi ‘chuyện ấy’ sau mắc Covid-19? ,,,,,,,,https://thegioihoinhap.vn/magazine/nuoc-my-lam-vao-tinh-canh-khan-hiem-nghiem-trong-sua-bot-cho-tre-em/,
, Lỗi ‘chuyện ấy’ sau mắc Covid-19? ,,,,,,,,https://thegioihoinhap.vn/magazine/trai-tim-thu-nho-co-hoi-song-cho-hang-trieu-nguoi/,
, Lỗi ‘chuyện ấy’ sau mắc Covid-19? ,,,,,,,,https://thegioihoinhap.vn/magazine/kinh-te-trung-quoc-lao-doc-vi-ke-giet-nguoi-kep/,
, Nồng nã tương ớt Mường Khương ,,,,,,,,https://thegioihoinhap.vn/magazine/bao-xuan/mam-tom-cha-chi-lot-vong-tien-duc-ba/,
, Nồng nã tương ớt Mường Khương ,,,,,,,,https://thegioihoinhap.vn/loi-song/am-thuc-du-lich/mam-cua-gach-tran-de/,
, Nồng nã tương ớt Mường Khương ,,,,,,,,https://thegioihoinhap.vn/magazine/bao-xuan/duc-tri-thuy-chi-cung-noi-yeu-be-dai/,
, Nồng nã tương ớt Mường Khương ,,,,,,,,https://thegioihoinhap.vn/loi-song/van-hoa-giao-duc/kich-ung-tac-tap-the-duc-cho-nao-va-trai-tim/,
, Nồng nã tương ớt Mường Khương ,,,,,,,,https://thegioihoinhap.vn/loi-song/van-hoa-giao-duc/dien-anh-viet-day-an-tuong-cua-2022/,
, Nồng nã tương ớt Mường Khương ,,,,,,,,https://thegioihoinhap.vn/loi-song/van-hoa-giao-duc/phim-chieu-rap-bat-tay-phim-chieu-truc-tuyen/,
, Đừng xem thường gia vị trong bữa ăn hàng ngày ,,,,,,,,https://thegioihoinhap.vn/loi-song/an-toan-thuc-pham/sua-chua-lam-nen-ban-linh-dan-ong/,
, Đừng xem thường gia vị trong bữa ăn hàng ngày ,,,,,,,,https://thegioihoinhap.vn/loi-song/an-toan-thuc-pham/roi-loan-an-uong-do-am-anh-thuc-an-dung/,
, Đừng xem thường gia vị trong bữa ăn hàng ngày ,,,,,,,,https://thegioihoinhap.vn/loi-song/an-toan-thuc-pham/vu-the-thanh-lo-hoi-chi-la-mot-cach-mua-hy-vong/,
, Đừng xem thường gia vị trong bữa ăn hàng ngày ,,,,,,,,https://thegioihoinhap.vn/loi-song/an-toan-thuc-pham/vu-the-thanh-tinh-bach-tuoc-dep-den-the-la-cung/,
, Đừng xem thường gia vị trong bữa ăn hàng ngày ,,,,,,,,https://thegioihoinhap.vn/loi-song/an-toan-thuc-pham/vu-the-thanh-goi-ca-co-dang-so/,
, [Coming soon] Phiên chợ Organic Town – Trung tâm thực phẩm hữu cơ ,,,,,,,,https://thegioihoinhap.vn/video/photo-nguoi-tien-giang-doi-nang-di-mua-nuoc-ngot-ve-tuoi-cay/,
, [Coming soon] Phiên chợ Organic Town – Trung tâm thực phẩm hữu cơ ,,,,,,,,https://thegioihoinhap.vn/nong-nghiep-4-0/mekong-connect/photo-dong-kho-lua-chay-o-mien-tay/,
, [Coming soon] Phiên chợ Organic Town – Trung tâm thực phẩm hữu cơ ,,,,,,,,https://thegioihoinhap.vn/video/photo-23h-o-cho-dau-moi-thu-duc/,
, [Coming soon] Phiên chợ Organic Town – Trung tâm thực phẩm hữu cơ ,,,,,,,,https://thegioihoinhap.vn/video/photo-bo-suu-tap-banh-mi-thanh-long-cua-abc-bakery/,
, [Coming soon] Phiên chợ Organic Town – Trung tâm thực phẩm hữu cơ ,,,,,,,,https://thegioihoinhap.vn/nong-nghiep-4-0/video-vua-banh-mi-kao-sieu-luc-tiet-lo-bi-quyet-san-xuat-banh-mi-thanh-long/,
, Nồng nã tương ớt Mường Khương ,,,,,,,,https://thegioihoinhap.vn/magazine/bao-xuan/di-tim-huong-trai-xu-minh-o-cho-my/,
, Nồng nã tương ớt Mường Khương ,,,,,,,,https://thegioihoinhap.vn/tiep-thi-4-0/chuyen-tiep-thi/mo-nong-san-viet-len-doi-nang-dang-cap/,
, Nồng nã tương ớt Mường Khương ,,,,,,,,https://thegioihoinhap.vn/loi-song/am-thuc-du-lich/cho-binh-thuong-moi-de-chiem-nguong-kiet-tac-nghe-thuat/,
, Nồng nã tương ớt Mường Khương ,,,,,,,,https://thegioihoinhap.vn/loi-song/van-hoa-giao-duc/nguyen-vinh-nguyen-sach-giu-lai-con-nguoi-trong-con-nguoi/,
