introl,content,createdat,title
Trong khi bên đường nhiều ô tô phải chờ cứu hộ thì chiếc ô tô điện Vinfast VF e34 vẫn lội nước băng qua đoạn ngập tràn tới nắp ca-po mà không gặp phải vấn đề gì.,"Thời tiết mưa to từ tối ngày 22/5 đến sáng ngày 23/5 khiến nhiều tuyến đường ở Hà Nội ngập sâu, ảnh hưởng đến giao thông đi lại. Nhiều ô tô, xe máy vì cố lội nước đã dẫn đến “chết máy” phải chờ cứu hộ. Trong tình huống dưới đây, một chiếc ô tô điện ",,Video: VinFast VF e34 lội nước băng băng trước sự ngơ ngác của những chiếc xe đang chờ cứu hộ
Mercedes-AMG G 63 được hãng độ Brabus biến hình thành một chiếc siêu bán tải mang tên 900 XLP One of Ten - mạnh 900PS và chỉ được sản xuất với số lượng 10 chiếc.,Thực ra Brabus đã quá quen thuộc với việc độ ,,"Mercedes-AMG G63 độ thành siêu bán tải “cực độc”, chỉ 10 chiếc mạnh ngang hypercar"
"Chủ xe VinFast Fadil tiết lộ 4 lý do bỏ qua i10, Morning: ""Không bóng bẩy nhưng sử dụng mới thấy nhiều thứ vượt trội"".","Cao Ngọc Trường dành dụm được khoảng 400 triệu đồng sau một thời gian học tập và làm việc tại nước ngoài. Sau khi về Việt Nam, anh quyết định dành số tiền đó để mua chiếc ",,"4 lý do bỏ qua i10, Morning để sử dụng VinFast Fadil"
"Chiếc xe SUV ""hàng hot"" Toyota Land Cruiser thế hệ mới này được sản xuất năm 2021, rao bán trên sàn xe cũ Hà Nội với giá đắt hơn xe mới dù chạy được hơn 1,3 vạn km.",Chiếc ,,Hà Nội: Toyota Land Cruiser LC300 chạy chán bán vẫn đắt hơn xe mới
"Toyota Camry Nightshade Edition vừa được giới thiệu ở Mỹ với các nâng cấp về thiết kế bên ngoài lẫn khả năng vận hành, 3 tùy chọn động cơ.",Toyota,,Cận cảnh Toyota Camry Nightshade Edition: Nâng cấp thiết kế và khả năng vận hành
"Vừa có thêm 2 chiếc siêu bán tải RAM 1500 TRX vừa mới cập cảng Việt Nam, cả 2 đều có màu cam chói lọi hơn chiếc đầu tiên ra mắt thị trường vào đầu năm nay.","Vào ngày 9/1/2022, mẫu siêu bán tải thương mại mạnh nhất Thế giới ",,Cặp đôi “khủng long bạo chúa” RAM 1500 TRX về Việt Nam giữa lúc xăng tăng “phi mã”
"Do khan hàng, các đại lý đang bán Hyundai SantaFe chênh giá niêm yết lên đến cả 80 triệu đồng. Nhiều nơi không nhận cọc do sợ không kịp giao xe.","Theo tìm hiểu của PV, ngay từ trước Tết Nguyên đán đến thời điểm hiện tại, mẫu xe ",,"Mua xe “chạy” phí trước bạ, Hyundai SantaFe chênh giá cả 80 triệu"
"Giá xăng tăng kỷ lục, một số chủ xe sẽ ""đau ví"" vì dung tích bình xăng và lượng xăng tiêu thụ khá lớn. Những mẫu xe ""ăn xăng"" dưới đây cũng sẽ có chi phí đổ xăng tăng đáng kể.","Ngày 11/5 Liên Bộ Tài chính – Công Thương điều chỉnh giá xăng, dầu. Mức tăng cao nhất áp dụng với xăng RON95. Theo đó, xăng RON95-III có giá cao nhất 29.988 đồng/lít, đạt kỷ lục trong lịch sử. Với giá xăng tăng cao như vậy, những mẫu xe “ăn xăng” với bình xăng thuộc hàng khủng dưới đây cũng sẽ có chi phí đổ xăng tăng đáng kể.",,"Giá xăng tăng, đại gia Việt cần bao nhiêu để “đầy bình” những chiếc SUV, siêu xe khủng?"
"Thời gian qua, rất nhiều trường hợp xe ô tô đỗ ven đường bị các đối tượng xấu phá hoại gây thiệt hại lớn cho chủ phương tiện.","Trên các diễn đàn và mạng xã hội những ngày gần đây liên tiếp ghi nhận những bức xúc của chủ xe xung quanh câu chuyện ô tô bị phá hoại một cách không thương tiếc chỉ vì đỗ ngoài đường, thậm chí ngay cửa nhà mình vào ban đêm.",,Người cố tình phá hoại xe ô tô đỗ ven đường có thể bị “bóc lịch” như chơi
Những phát minh này ra đời đã giúp ngành công nghiệp xe hơi thay đổi mạnh mẽ và có những chiếc ô tô hiện đại như ngày nay.,Động cơ hơi nước,,Top 10 phát minh có tính bước ngoặt tới ngành công nghiệp xe hơi thế giới
"Chiếc bán tải Ram 1500 TRX sau khi độ mang vẻ đẹp mạnh mẽ, dữ dằn khiến cho nhiều người phải ngước nhìn.",Ram 1500 TRX đời mới không chỉ là mẫu ,,Diện kiến “quái vật 6 bánh” Ram 1500 TRX độ khủng với chi phí hơn 10 tỷ đồng
" VinFast VF e34 độ khiến người ta làm tưởng tới các mẫu xe Lamborghini đầy uy lực, mạnh mẽ.","Với nhiều cá nhân, phương tiện di chuyển cũng có thể được xem như một món đồ thể hiện tính cách cá nhân. Nhằm thỏa mãn nhu cầu này, đã có nhiều cách thức giúp chủ xe có thể thể hiện được cá tính, một trong số đó phải kể tới việc dán đề can đổi màu.",,Chủ xe VinFast VF e34 độ nhẹ nhàng nhưng vẫn được CĐM tấm tắc khen đẹp
"Một xưởng độ xe tại Hà Nội vừa hoàn thiện một chiếc VinFast Fadil đặc biệt độ tới 20 chi tiết, nâng cấp từ trong ra ngoài.",Một xưởng độ xe tại Hà Nội vừa hoàn thiện một chiếc ,,"Chủ xe VinFast Fadil độ 20 chi tiết cực sang chảnh tặng vợ, chi phí gần bằng tiền mua xe"
Mazda3 2.0 Premium và Toyota Corolla Altis 1.8HEV sẽ là hai sự lựa chọn đáng cân nhắc khi cả 2 chỉ chênh nhau 11 triệu đồng.,Với sự ra mắt của ,,"Chênh nhau 11 triệu, nên chọn Mazda3 2.0 Premium hay Toyota Corolla Altis 1.8HEV"
"Hãng xe Việt Nam VinFast đã chinh phục giới truyền thông quốc tế bởi ""công thức chiến thắng"" độc đáo: vận hành mạnh mẽ, trải nghiệm lái vượt mong đợi và giá bán hợp lý.",Ngay trong lần đầu tiên lăn bánh trên đường thử tại Triển lãm ,,Chuyên trang ô tô Mỹ: “VinFast sở hữu công thức chiến thắng độc đáo”
"Toyota Avanza Premio không thể dùng giá bán để cạnh tranh để đấu với Suzuki Ertiga, thay vào đó là điểm mạnh về thiết kế và trang bị an toàn.",Phân khúc ,,Toyota Avanza Premio có gì đặc biệt để “diệt” Suzuki Ertiga?
Hình ảnh chiếc xe siêu sang Lexus LX570 đắt tiền với phần băng keo đen dán vào biển số đã gây ra nhiều tranh cãi trong cộng đồng mạng những ngày qua.,"Theo đó, hình ảnh một chiếc ",,Chủ xe Lexus LX570 gây phẫn nộ với hành động dán băng dính che biển số
"Nam thanh niên khoe tự sơn quây chiếc Hyundai Grand i10 bằng bình xịt cầm tay, chỉ tốn 350 ngàn tiền vật liệu, tiết kiệm tới 8 triệu đồng nếu ra gara.",Trên diễn đàn của người dùng xe ,,"Tiết kiệm 8 triệu, thanh niên khoe tự sơn ô tô hết 350 ngàn, gara lắc đầu"
"Sau 1 tháng sử dụng VinFast VF e34, một người dùng đã tổng kết kinh phí sử dụng sau 1 tháng khiến cộng đồng mạng chú ý.","Mới đây, một người dùng đã chia sẻ chi phí sử dụng mẫu ",,"Người dùng tổng kết sau 1 tháng sử dụng VinFast VF e34, CĐM thốt lên: “Chạy taxi lãi to”"
"Năm nào cũng vậy, càng gần Tết nhu cầu mua xe ô tô càng tăng, các đại lý được dịp làm mình làm mẩy, đẩy giá xe ô tô tăng thêm hàng chục triệu đồng, bán 'kèm lạc' nếu khách hàng muốn lấy xe trước Tết.","Thậm chí, đã có những trường hợp dở khóc dở cười diễn ra khi đại lý thất hứa, khách hàng phản ứng  bằng cách, lên các group than phiền, mỉa mai, mắng mỏ, đến các phản ứng dữ dội có 1-0-2.",,"Chuyện lấy xe trước Tết: Khách lăn ra “ăn vạ” trước showroom ô tô, sale trở mặt, đòi tiền chênh mới giao xe"
"Ngày 19/5, VinFast công bố ký kết hợp tác Ngân hàng FCA - nhà cung cấp dịch vụ tài chính hàng đầu trong lĩnh vực ô tô ở châu Âu, mang đến những giải pháp thuê xe linh hoạt.","Theo hợp tác, các gói cho thuê đầu tiên dành cho 2 mẫu xe VF8 và VF9 dự kiến được triển khai tại 3 thị trường trọng điểm là Đức, Pháp, Hà Lan, áp dụng cho gói thuê bao pin cố định trong thời gian hiệu lực của chương trình VinFirst.",,VinFast: Công bố giải pháp tài chính cho thuê xe VF 8 và VF 9 tại châu Âu
"Bên cạnh những gian trưng bày quen thuộc của Ford, Toyota hay Kia, triển lãm Los Angeles Auto Show 2021 còn có những thương hiệu mới như VinFast đến từ Việt Nam.",,,Các mẫu xe ấn tượng nhất Los Angeles Auto Show 2021: Việt Nam sánh vai cường quốc!
"Sau Los Angeles Auto Show 2021, VinFast sẽ tiếp tục tham dự một triển lãm quy mô lớn và có tầm ảnh hưởng trong lĩnh vực công nghệ vào năm 2022, hứa hẹn một năm mới với những bước tiến mới.",,,"VinFast sẽ tham dự triển lãm điện tử lớn nhất thế giới, tham chiến với 5 mẫu xe mới ở tất cả phân khúc"
"Với quyết định đặt 100 chiếc xe gồm cả VinFast VF6, VF7, VF8 và VF9, Artemis DNA đã trở thành khách hàng doanh nghiệp đầu tiên của VinFast tại Mỹ tính đến thời điểm hiện tại.",Ngay sau sự kiện ra mắt tại ,,"Một công ty Mỹ chơi lớn đặt hẳn 100 chiếc VinFast VF6, VF7, VF8 và VF9 ngay sau triển lãm CES 2022"
Để có thể khám phá được hết vẻ đẹp của những cung đường trên thế giới thì bạn nên tự lái xe trải nghiệm sự khác biệt đến những vùng đất mới.. Nhất là khi chinh phục các con đèo hay băng qua vùng biển lộng gió.,.,,Khám phá 6 cung đường đẹp nhất thế giới nhất định không thể bỏ lỡ
Có lẽ đây là trải nghiệm đáng nhớ của chủ xe Ford F-150 Raptor,Đây là câu chuyện được chia sẻ bởi tài khoản có tên là Caz trên Intagram. Trong một lần người đàn ông này muốn trải nghiệm cảm giác “bay nhảy” nên đã quyết định thực hiện một cú nhảy giống như trên mạng tại trường đua định hình Virginia International Raceway. Và đây cũng chính là lúc xảy ra sự cố.,,"Video: Trải nghiệm cảm giác “bay nhảy”, chủ xe Ford F-150 Raptor nhập viện với chuẩn đoán gãy đốt sống lưng"
Theo thống kê sơ bộ của Tổng cục Hải quan cho thấy lượng ô tô nhập khẩu nguyên chiếc về Việt Nam tăng trở lại.,"Theo thống kê sơ bộ của Tổng cục Hải quan, trong kỳ 1 tháng 5 (từ ngày 1 đến 15-5) lượng ô tô nguyên chiếc các loại nhập khẩu vào Việt Nam tăng trở lại với hơn 8.000 xe.",,"Sắp hết giảm lệ phí trước bạ, xe nhập khẩu ồ ạt về Việt Nam"
Nhiều mẫu xe phân khúc thấp nằm trong tầm ngắm của Mercedes-Benz.,"Theo Autocar, trong một bài phát biểu trong về tương lai của ",,Mercedes-Benz “hủy diệt” một số mẫu xe phân khúc thấp
"Chiếc xe có chiều dài gần 6m và cao hơn 2,2m đã bất ngờ lăn bánh trên đường phố Hà Nội khiến dân tình không khỏi tò mò.",,,Người dân há hốc khi thấy “quái vật” Mercedes-AMG G63 6×6 trên đường Hà Nội
Danh thủ nổi tiếng Neymar vừa trở thành đại sứ thương hiệu cho hãng xe điện Đức non trẻ e.GO. Anh vừa cùng thương hiệu này ra mắt mẫu xe thứ 2 có tên e.wave X.,Khoảng 150 khách mời và đại diện báo chí đã tham dự buổi ra mắt e.wave X: một mẫu xe CUV-B thuần điện. Sự kiện được phát trực tiếp và được hỗ trợ bởi IFA – triển lãm công nghệ lớn nhất châu Âu,,Tiền đạo Neymar quảng bá cho thương hiệu xe điện mới mẻ e.GO tới từ nước Đức
"Thỏa sức với đam mê chinh phục địa hình, thì lái xe bán tải như Ford, Chevrolet,... luôn là lựa chọn hàng đầu. Nhưng lái xe off-road luôn là một thách thức lớn, đòi hỏi các tay lái cần có kỹ năng, kiến thức và sự tự tin nhất định, vì vậy đây luôn là thử thách lớn đối với những tài xế mới.",Với những chủ xe lần đầu tiên sở hữu ,,Lái xe bán tải chinh phục mọi địa hình: 5 lưu ý dành cho bác tài
Jack Ma được biết đến là một doanh nhân giản dị sở hữu khối tài sản khổng lồ và những chiếc xe sang đắt đỏ.,"Jack Ma (tên gốc là Mã Vân), sinh ngày 10/9/1964, là doanh nhân nổi tiếng người Trung Quốc. Ông chính là người sáng lập tập đoàn",,Tỷ phú từng giàu nhất thế giới – Jack Ma đã và đang sở hữu những chiếc xe sang nào?
"Tesla Elon Musk cho rằng, các công ty khởi nghiệp xe điện mới đang làm sai tất cả. Ông nói, các công ty xe điện đang thực hiện một cú hích quá lớn từ rất sớm và gọi cách tiếp cận của họ là ""điên rồ"".","Mới đây, Giám đốc điều hành ",,Tesla Elon Musk nói gì về các công ty khởi nghiệp ô tô điện?
"Người ta thường cho rằng đồ cũ của Nhật tốt, bán được giá hơn nhưng hiện nay một số mẫu xe của Kia, Hyundai cũng có mức khấu hao thấp. Phải chăng do người Việt ngày càng chuộng xe Hàn hơn xe Nhật?", ,,Tranh cãi việc xe Hàn giữ giá hơn xe Nhật: Santa Fe đi 5 năm vẫn trên 900 triệu đồng?
"Elon Musk- CEO của Tesla được biết đến là người ghét hydro, ông khẳng định hydro là ""thứ ngu ngốc nhất"" để lưu trữ năng lượng.","Trong một cuộc phỏng vấn gần đây với Financial Times, Elon Musk đã nhắc lại sự hoài nghi của mình về vai trò của hydro trong một tương lai bền vững hơn. Ông cho biết hydro là “thứ ngu ngốc nhất dùng để lưu trữ năng lượng.”",,Elon Musk khẳng định gây sốc:  Hydro là “thứ ngu ngốc nhất” để lưu trữ năng lượng
MG vừa công bố giá bán mẫu xe sedan cỡ trung MG5 2022 hoàn toàn mới tại thị trường Việt Nam.,Mang trong mình di sản thiết kế thể thao của ,,Sedan hạng C MG5 2022 công bố giá bán từ 579 triệu đồng tại Việt Nam
"Trong tháng 3, khách mua Honda CRV tại Hà Nội có thể được hưởng ưu đãi kép lên đến 250 triệu đồng thông qua chính sách của đại lý và quà tặng kèm.",CR-V được Honda ra mắt lần đầu tại Nhật Bản và Anh từ năm 1995. ,,Bạn sẽ tiết kiệm ngay 250 triệu khi mua Honda CR-V trong tháng 3
SUV không phải là dòng xe thuần tốc độ nhưng những mẫu SUV động cơ đốt trong nhanh nhất thế giới này có thể dễ dàng vượt mốc 280 km/h.,"Với động cơ tăng áp kép V8 4.0L, công suất 697 mã lực và mô-men xoắn 899 Nm, kết hợp với hộp số ly hợp ướt 9 cấp mới, ",,Top 9 mẫu SUV động cơ đốt trong nhanh nhất thế giới: 280 km/h là chuyện nhỏ
Tất cả kinh nghiệm mua bảo hiểm ô tô tiết kiệm – hiệu quả sẽ được bật mí ngay sau đây.,_ Bảo hiểm ô tô nào tốt? ,,Bảo hiểm ô tô – Điều tưởng đơn giản nhưng không phải ai cũng hiểu rõ
"Nissan Kicks - mẫu SUV cỡ B này rất có thể ra mắt VN ngay trong tháng 6 tới. Hứa hẹn đêm lại trải nghiệm lái mới lạ cho người dùng, nhất là những ai chưa từng lái ô tô điện.","Theo tin đồn, ",,"Đánh giá “xe điện sạc bằng xăng” Nissan Kicks, sắp về VN"
Lexus RX thế hệ thứ năm sẽ được ra mắt ngày 1/6 với thiết kế tinh tế và hiện đại.,Lexus RX bắt đầu cơn sốt ,,Hé lộ hình ảnh Lexus RX 2023 – mẫu crossover hạng sang ra mắt ngày 1/6 sắp tới
Nissan thông báo ra mắt xe gầm cao thuần điện với 4 phiên bản chạy bằng điện của mẫu xe Ariya EV.,Nissan đã nâng tầm cuộc chơi ,,"Nissan nâng tầm cuộc chơi xe điện với mẫu SUV mới, cạnh tranh Hyundai Ioniq 5"
"Giới tư vấn bán hàng đại lý Mercedes-Benz tiết lộ những nâng cấp mới về trang bị trên dòng E-Class, áp dụng trên cả ba phiên bản E 180, E 200 Exclusive và E 300 AMG.","Phiên bản tiêu chuẩn Mercedes-Benz E 180 sẽ được bổ sung 6 tính năng mới như bệ cửa phát sáng, cửa hít, rèm che nắng và cổng sạc USB Type-C cho hàng sau, cảnh báo điểm mù và cốp điện. ",,"Mercedes-Benz E-Class 2022 nâng cấp trang bị, tăng giá bán, đấu BMW 5-Series"
"Những gã khổng lồ đến từ Mỹ và Trung Quốc gồm Ford, GM, Baidu, Tesla và Alphabet, đã đầu tư hàng tỷ đô la và nhiều năm cho Nghiên cứu và phát triển (R&D) xe tự hành.","Trong nhiều năm, Waymo của ",,"Những gã khổng lồ của Mỹ, Trung Quốc đứng ở đâu trong cuộc đua xe tự hành"
Mitsubishi Xpander 2022 nằm trong top 1 MPV phổ thông được nhiều người Việt quan tâm trong năm nay.,Mitsubishi,,"Mitsubishi Xpander 2022 có mặt tại đại lý, sẵn sàng đấu Veloz Cross"
